nodeID,nodeLabel,latitude,longetude,country_name,country_ISO3
0,levelcrossing,46.21733899999984,18.107247499999772,Hungary,HU
1,levelcrossing,46.21029299999984,18.18951949999979,Hungary,HU
2,unknown,46.84592299999986,16.856506499999796,Hungary,HU
3,unknown,47.68819099999985,19.94833049999977,Hungary,HU
4,levelcrossing,47.685343499999846,19.92142849999979,Hungary,HU
5,unknown,46.61956499999985,19.301161999999778,Hungary,HU
6,station,46.626085499999846,19.297516499999773,Hungary,HU
7,station,46.675959499999834,21.07581399999978,Hungary,HU
8,unknown,47.376277499999844,18.900185999999792,Hungary,HU
9,station,47.50076599999986,19.085027999999767,Hungary,HU
10,unknown,47.24431699999985,16.629932499999796,Hungary,HU
11,levelcrossing,46.85450899999984,16.808172499999785,Hungary,HU
12,levelcrossing,46.887087999999835,16.89862949999977,Hungary,HU
13,levelcrossing,47.25698349999985,16.919724999999772,Hungary,HU
14,station,47.25935499999986,16.930868999999774,Hungary,HU
15,unknown,46.21925199999984,18.104340999999778,Hungary,HU
16,levelcrossing,47.98566449999984,20.839411499999784,Hungary,HU
17,levelcrossing,46.255516999999855,18.104077999999788,Hungary,HU
18,unknown,46.76130899999984,21.03582849999978,Hungary,HU
19,levelcrossing,46.44765699999985,18.319668999999777,Hungary,HU
20,station,46.370363499999854,18.149191499999773,Hungary,HU
21,unknown,47.62835799999985,20.750013999999766,Hungary,HU
22,levelcrossing,46.76225549999984,21.037360499999778,Hungary,HU
23,station,47.782996499999854,19.93715149999977,Hungary,HU
24,levelcrossing,47.27650549999984,16.60998399999977,Hungary,HU
25,levelcrossing,46.524252999999845,19.120266999999785,Hungary,HU
26,levelcrossing,46.52611949999985,19.069120999999768,Hungary,HU
27,levelcrossing,46.611255999999855,19.298206999999792,Hungary,HU
28,unknown,46.24071199999986,20.11408849999978,Hungary,HU
29,levelcrossing,46.233078499999834,17.353429499999777,Hungary,HU
30,levelcrossing,46.23896449999984,20.11554449999977,Hungary,HU
31,levelcrossing,47.367357999999854,16.566258499999776,Hungary,HU
32,station,47.38451899999984,16.555661499999786,Hungary,HU
33,station,47.346235499999835,19.05204299999977,Hungary,HU
34,levelcrossing,47.34060249999985,16.580584999999786,Hungary,HU
35,station,47.628206499999834,20.757050499999792,Hungary,HU
36,unknown,47.53975899999983,18.321282999999795,Hungary,HU
37,levelcrossing,47.49013149999985,18.308238999999787,Hungary,HU
38,station,46.736657499999836,21.402566999999777,Hungary,HU
39,levelcrossing,47.316654999999855,16.58866649999979,Hungary,HU
40,station,47.312298999999854,18.973893499999775,Hungary,HU
41,levelcrossing,47.482510999999846,18.307445499999773,Hungary,HU
42,station,47.49469399999984,19.893074999999783,Hungary,HU
43,levelcrossing,47.52619499999986,19.85388199999977,Hungary,HU
44,levelcrossing,47.364741999999836,19.090735999999794,Hungary,HU
45,levelcrossing,47.94534949999985,20.981164499999778,Hungary,HU
46,levelcrossing,47.95797899999985,20.87427249999979,Hungary,HU
47,unknown,46.26760299999984,18.527000999999785,Hungary,HU
48,levelcrossing,47.74933799999985,18.727484499999775,Hungary,HU
49,levelcrossing,47.756203499999856,18.73391099999978,Hungary,HU
50,levelcrossing,47.254953999999856,16.625648999999783,Hungary,HU
51,levelcrossing,46.27067449999984,18.518197499999786,Hungary,HU
52,unknown,46.28990549999983,17.31439499999979,Hungary,HU
53,station,46.535626999999835,18.992264999999776,Hungary,HU
54,levelcrossing,46.52917799999986,19.042033499999775,Hungary,HU
55,levelcrossing,48.23846849999984,20.324678499999777,Hungary,HU
56,unknown,47.33347449999985,19.001675999999776,Hungary,HU
57,levelcrossing,46.55121249999985,19.239721499999774,Hungary,HU
58,levelcrossing,46.673752999999834,21.301000999999786,Hungary,HU
59,unknown,47.98640099999986,20.839548999999778,Hungary,HU
60,unknown,47.66063699999984,19.074815499999772,Hungary,HU
61,unknown,46.20250549999986,20.50663499999979,Hungary,HU
62,unknown,46.17589699999985,20.576379499999774,Hungary,HU
63,levelcrossing,46.22972199999984,17.353804999999795,Hungary,HU
64,unknown,48.299803499999854,20.357335499999778,Hungary,HU
65,station,47.77770699999985,18.743316499999793,Hungary,HU
66,unknown,47.48545549999986,19.118916499999784,Hungary,HU
67,unknown,47.562650999999846,18.440260999999794,Hungary,HU
68,unknown,47.46589049999986,19.072423999999785,Hungary,HU
69,unknown,47.823345999999844,18.852573499999778,Hungary,HU
70,unknown,46.96080599999985,16.273179999999797,Hungary,HU
71,unknown,46.40129899999985,20.30771249999978,Hungary,HU
72,levelcrossing,46.98262499999984,18.90366849999978,Hungary,HU
73,levelcrossing,47.41445549999983,19.170984999999774,Hungary,HU
74,unknown,47.56623749999986,19.048715999999786,Hungary,HU
75,levelcrossing,48.12641449999984,19.807264499999775,Hungary,HU
76,levelcrossing,47.586089499999844,19.045158499999786,Hungary,HU
77,unknown,47.93825049999984,21.71046899999979,Hungary,HU
78,levelcrossing,46.127706999999845,18.353633999999772,Hungary,HU
79,station,46.58058499999984,17.42139499999979,Hungary,HU
80,station,46.704277999999846,20.139310499999766,Hungary,HU
81,unknown,47.64457499999983,19.681584499999786,Hungary,HU
82,unknown,46.70456299999984,17.36262549999978,Hungary,HU
83,unknown,47.41485449999985,19.172060499999787,Hungary,HU
84,levelcrossing,47.39175349999985,19.20242449999978,Hungary,HU
85,levelcrossing,46.08101999999985,18.259680499999774,Hungary,HU
86,levelcrossing,46.60696899999985,17.412849499999794,Hungary,HU
87,levelcrossing,47.73237699999984,19.225262999999785,Hungary,HU
88,levelcrossing,46.56848849999986,17.424526499999786,Hungary,HU
89,levelcrossing,46.96242399999986,17.89707999999979,Hungary,HU
90,levelcrossing,46.95742099999984,17.88657399999977,Hungary,HU
91,levelcrossing,47.59589499999984,16.705498499999777,Hungary,HU
92,levelcrossing,48.26004149999986,21.463732499999765,Hungary,HU
93,levelcrossing,46.69872549999985,17.37800649999977,Hungary,HU
94,unknown,46.308812999999844,20.809949999999787,Hungary,HU
95,levelcrossing,46.876685999999836,20.01334049999977,Hungary,HU
96,levelcrossing,46.28749299999984,18.36941749999977,Hungary,HU
97,levelcrossing,46.15532999999985,18.084807999999782,Hungary,HU
98,levelcrossing,46.54949299999984,16.981045999999793,Hungary,HU
99,levelcrossing,47.232357499999836,18.489359999999778,Hungary,HU
100,levelcrossing,46.699857999999836,19.84871549999977,Hungary,HU
101,levelcrossing,48.217614499999854,20.347639999999785,Hungary,HU
102,levelcrossing,48.008886499999846,20.32671499999978,Hungary,HU
103,unknown,47.75286649999984,20.421967499999766,Hungary,HU
104,unknown,47.73718149999985,20.269571499999785,Hungary,HU
105,levelcrossing,46.126501999999846,18.03000899999978,Hungary,HU
106,levelcrossing,47.63381699999985,18.051185999999774,Hungary,HU
107,unknown,46.96284799999984,16.277390499999797,Hungary,HU
108,unknown,47.63666249999986,16.62519949999978,Hungary,HU
109,levelcrossing,47.92736899999986,17.157861999999795,Hungary,HU
110,unknown,46.98546399999984,16.517530999999792,Hungary,HU
111,unknown,47.938529499999845,17.095494499999774,Hungary,HU
112,unknown,47.95449799999986,22.30991499999979,Hungary,HU
113,levelcrossing,46.91336449999986,18.074689499999778,Hungary,HU
114,levelcrossing,46.22196399999984,18.662736499999795,Hungary,HU
115,levelcrossing,47.92442999999986,19.045290499999794,Hungary,HU
116,unknown,46.18224549999985,20.009841999999793,Hungary,HU
117,unknown,47.173313999999834,21.82251949999977,Hungary,HU
118,levelcrossing,47.122209499999855,18.460797999999784,Hungary,HU
119,levelcrossing,47.97836599999985,19.818355499999768,Hungary,HU
120,levelcrossing,47.95616449999986,21.369865999999774,Hungary,HU
121,levelcrossing,47.08987449999984,18.039042999999793,Hungary,HU
122,levelcrossing,46.87215899999984,16.71094599999978,Hungary,HU
123,levelcrossing,46.856426999999854,16.786293499999772,Hungary,HU
124,levelcrossing,46.412423499999846,20.72566599999979,Hungary,HU
125,levelcrossing,46.42648949999986,17.849070499999783,Hungary,HU
126,levelcrossing,48.22049499999986,20.719859999999784,Hungary,HU
127,station,47.60671799999986,21.751859999999766,Hungary,HU
128,levelcrossing,47.07362499999985,18.03996349999977,Hungary,HU
129,levelcrossing,47.44042999999985,17.82000199999979,Hungary,HU
130,levelcrossing,46.339188999999834,17.348575499999782,Hungary,HU
131,levelcrossing,46.29153099999985,19.32781099999977,Hungary,HU
132,levelcrossing,47.064050999999836,18.038858499999776,Hungary,HU
133,levelcrossing,47.06930699999984,18.281729499999784,Hungary,HU
134,station,47.19508199999984,19.328768499999768,Hungary,HU
135,levelcrossing,46.23208599999984,20.494070999999792,Hungary,HU
136,unknown,46.20345149999986,18.709332999999788,Hungary,HU
137,levelcrossing,46.31011049999984,18.744223999999775,Hungary,HU
138,levelcrossing,47.37940799999984,20.635335999999768,Hungary,HU
139,station,47.37144499999985,18.186072999999794,Hungary,HU
140,levelcrossing,47.00515849999985,18.230659999999773,Hungary,HU
141,levelcrossing,46.20236999999986,18.69932899999978,Hungary,HU
142,levelcrossing,47.64708649999986,16.86127399999978,Hungary,HU
143,station,47.59807499999985,19.35700099999977,Hungary,HU
144,levelcrossing,47.03003049999984,19.54054999999977,Hungary,HU
145,levelcrossing,47.015288999999854,18.201310499999778,Hungary,HU
146,levelcrossing,47.64872549999984,19.46973349999979,Hungary,HU
147,unknown,47.63753949999983,19.63829549999977,Hungary,HU
148,levelcrossing,47.64397949999986,19.672679499999788,Hungary,HU
149,levelcrossing,47.64083899999986,19.962159499999785,Hungary,HU
150,levelcrossing,47.498226999999844,18.01687149999978,Hungary,HU
151,unknown,47.49851799999985,18.021213999999787,Hungary,HU
152,unknown,47.012203499999856,16.57831699999977,Hungary,HU
153,levelcrossing,46.98331599999986,17.26737049999977,Hungary,HU
154,levelcrossing,47.59505299999984,19.27194099999977,Hungary,HU
155,station,47.61632499999985,19.055965499999786,Hungary,HU
156,levelcrossing,47.69852649999984,19.387945999999772,Hungary,HU
157,unknown,47.39816999999985,19.12620599999977,Hungary,HU
158,levelcrossing,46.957959499999845,20.090641999999775,Hungary,HU
159,levelcrossing,46.043254999999846,17.781898499999784,Hungary,HU
160,unknown,47.32688149999984,21.113890999999768,Hungary,HU
161,levelcrossing,46.96412699999985,16.392996499999782,Hungary,HU
162,levelcrossing,47.24104649999984,16.839211999999776,Hungary,HU
163,levelcrossing,46.958356999999836,20.272799499999792,Hungary,HU
164,levelcrossing,47.29699349999984,19.239600999999794,Hungary,HU
165,levelcrossing,47.30180899999985,16.843434999999772,Hungary,HU
166,station,46.960818499999846,18.914140999999773,Hungary,HU
167,unknown,46.939343499999836,21.261109999999775,Hungary,HU
168,station,46.93982549999984,20.082161999999784,Hungary,HU
169,unknown,47.54211349999986,21.58617049999978,Hungary,HU
170,levelcrossing,45.89060149999986,17.853741999999784,Hungary,HU
171,unknown,47.50809249999983,21.60013749999979,Hungary,HU
172,levelcrossing,46.77789249999984,19.92828849999978,Hungary,HU
173,levelcrossing,46.875541499999855,20.008932499999787,Hungary,HU
174,levelcrossing,46.68472399999985,19.95531049999977,Hungary,HU
175,levelcrossing,47.00228149999984,20.58743899999979,Hungary,HU
176,unknown,47.063315499999845,18.03869149999977,Hungary,HU
177,levelcrossing,47.93846099999985,21.712710499999787,Hungary,HU
178,station,46.34902149999985,18.712535999999773,Hungary,HU
179,levelcrossing,46.49973249999985,19.728223999999784,Hungary,HU
180,unknown,46.42239299999986,19.49884449999979,Hungary,HU
181,levelcrossing,46.414626999999854,20.35559399999977,Hungary,HU
182,levelcrossing,46.40963399999984,20.360438999999786,Hungary,HU
183,levelcrossing,46.11890149999985,18.33783299999979,Hungary,HU
184,unknown,46.67023749999984,21.080401999999765,Hungary,HU
185,levelcrossing,47.623225999999846,20.948132999999785,Hungary,HU
186,unknown,48.29906999999986,20.361110999999767,Hungary,HU
187,station,48.26383199999984,20.629592999999772,Hungary,HU
188,unknown,47.01610949999986,21.15037499999977,Hungary,HU
189,levelcrossing,46.45357799999985,16.981090499999794,Hungary,HU
190,levelcrossing,46.47999649999986,18.715889499999776,Hungary,HU
191,station,46.87402049999986,17.43025199999977,Hungary,HU
192,unknown,46.84607999999986,16.59880949999979,Hungary,HU
193,levelcrossing,47.51839649999985,18.007379499999786,Hungary,HU
194,levelcrossing,46.84773099999984,16.60102249999977,Hungary,HU
195,levelcrossing,47.73961749999984,18.65187899999978,Hungary,HU
196,levelcrossing,47.73223249999984,19.22342649999979,Hungary,HU
197,levelcrossing,46.85896949999986,20.26573799999977,Hungary,HU
198,levelcrossing,46.85964499999986,19.98332049999979,Hungary,HU
199,unknown,46.86412749999985,19.98455599999977,Hungary,HU
200,levelcrossing,46.97055349999985,21.088788499999765,Hungary,HU
201,levelcrossing,46.70204299999983,19.839286999999786,Hungary,HU
202,levelcrossing,47.20829999999984,18.374819999999772,Hungary,HU
203,levelcrossing,47.50728649999985,18.014546999999794,Hungary,HU
204,levelcrossing,47.51795799999985,21.887699999999768,Hungary,HU
205,unknown,48.11868649999985,22.308611999999783,Hungary,HU
206,levelcrossing,46.239947999999856,20.486452499999785,Hungary,HU
207,levelcrossing,48.323453999999856,22.198335999999784,Hungary,HU
208,unknown,46.880960499999844,18.79335199999977,Hungary,HU
209,unknown,47.91082649999984,21.71620749999977,Hungary,HU
210,levelcrossing,47.94184399999983,20.375538499999777,Hungary,HU
211,levelcrossing,47.85846249999983,21.402871499999776,Hungary,HU
212,levelcrossing,47.002598499999834,20.99605349999979,Hungary,HU
213,levelcrossing,47.011164999999835,21.137140499999788,Hungary,HU
214,unknown,47.60445999999985,17.257350999999773,Hungary,HU
215,levelcrossing,47.54640449999985,17.74116699999979,Hungary,HU
216,levelcrossing,46.797674999999856,18.903753499999794,Hungary,HU
217,unknown,47.759588999999835,19.670927499999777,Hungary,HU
218,unknown,48.14143449999983,19.530430499999767,Hungary,HU
219,levelcrossing,47.44407799999985,17.330758999999773,Hungary,HU
220,station,46.896175499999856,19.694436499999767,Hungary,HU
221,levelcrossing,46.28370799999985,20.142799499999768,Hungary,HU
222,levelcrossing,46.70172549999984,17.37007349999979,Hungary,HU
223,levelcrossing,47.11230149999986,18.054123999999774,Hungary,HU
224,unknown,47.14353899999983,18.024092499999796,Hungary,HU
225,levelcrossing,47.359199999999845,16.900092499999772,Hungary,HU
226,levelcrossing,47.49136499999983,18.03713399999978,Hungary,HU
227,levelcrossing,46.83243999999985,18.66020199999977,Hungary,HU
228,levelcrossing,47.88934349999985,20.383475499999776,Hungary,HU
229,levelcrossing,47.90927799999986,20.37819349999978,Hungary,HU
230,levelcrossing,47.88988149999986,20.396511999999774,Hungary,HU
231,levelcrossing,47.62628749999985,18.049590999999793,Hungary,HU
232,unknown,45.97224699999984,17.530298499999788,Hungary,HU
233,unknown,47.84048399999983,22.108419999999768,Hungary,HU
234,station,47.832149499999844,21.427366499999778,Hungary,HU
235,unknown,47.544647499999854,19.10395049999977,Hungary,HU
236,unknown,47.88666599999985,20.38436249999978,Hungary,HU
237,levelcrossing,46.20139349999985,18.72281849999979,Hungary,HU
238,levelcrossing,46.19859549999984,18.82623549999977,Hungary,HU
239,unknown,47.438533499999835,19.072850499999788,Hungary,HU
240,unknown,47.69413049999986,19.39274199999977,Hungary,HU
241,unknown,46.98891799999984,18.900196999999793,Hungary,HU
242,station,46.412840999999844,20.337872999999774,Hungary,HU
243,unknown,47.53822249999985,19.10059599999977,Hungary,HU
244,levelcrossing,48.12782449999983,22.303514999999777,Hungary,HU
245,unknown,47.455246999999844,17.815523999999783,Hungary,HU
246,levelcrossing,48.35337349999983,22.146810499999788,Hungary,HU
247,station,47.373286499999836,18.90005199999979,Hungary,HU
248,unknown,47.72839649999983,18.245791999999796,Hungary,HU
249,unknown,47.46715849999984,19.13967699999978,Hungary,HU
250,unknown,47.46814849999984,19.08551849999978,Hungary,HU
251,unknown,47.46514699999986,19.091209499999792,Hungary,HU
252,levelcrossing,46.55849899999984,20.65180099999978,Hungary,HU
253,levelcrossing,47.96012299999984,22.313320499999776,Hungary,HU
254,levelcrossing,47.87944949999985,20.19616949999977,Hungary,HU
255,unknown,46.913958999999835,18.071068499999768,Hungary,HU
256,unknown,46.35485699999984,18.143017499999786,Hungary,HU
257,unknown,46.894464499999856,19.68586149999979,Hungary,HU
258,levelcrossing,46.22454749999986,20.504167999999765,Hungary,HU
259,levelcrossing,48.13094599999985,20.790397999999783,Hungary,HU
260,unknown,47.45857599999985,19.082559499999775,Hungary,HU
261,unknown,47.345469999999835,17.467488999999773,Hungary,HU
262,levelcrossing,46.81358349999985,20.130413499999776,Hungary,HU
263,unknown,46.75613149999984,21.038310999999766,Hungary,HU
264,unknown,48.37951399999986,21.646148499999782,Hungary,HU
265,station,48.325153999999856,21.565707999999773,Hungary,HU
266,station,48.10890149999983,20.799902999999773,Hungary,HU
267,levelcrossing,48.27370649999983,20.579462499999778,Hungary,HU
268,station,47.946161499999846,22.31764549999977,Hungary,HU
269,levelcrossing,48.05187599999985,22.200741999999764,Hungary,HU
270,unknown,48.01150499999986,21.373193499999786,Hungary,HU
271,levelcrossing,48.00666599999985,19.832040999999776,Hungary,HU
272,levelcrossing,48.05286249999983,20.33203899999978,Hungary,HU
273,levelcrossing,47.92909449999985,19.047758499999787,Hungary,HU
274,levelcrossing,47.94320699999986,20.36615299999977,Hungary,HU
275,unknown,47.92666699999984,17.12041099999979,Hungary,HU
276,unknown,47.92409999999984,17.128433499999772,Hungary,HU
277,levelcrossing,47.850790999999845,17.160151499999785,Hungary,HU
278,levelcrossing,47.77426349999985,19.66839399999978,Hungary,HU
279,levelcrossing,47.794046999999836,19.66796549999978,Hungary,HU
280,levelcrossing,47.69847999999985,21.899794999999784,Hungary,HU
281,levelcrossing,47.80086349999985,20.406575999999774,Hungary,HU
282,unknown,46.55946449999985,20.65153099999978,Hungary,HU
283,unknown,47.62463499999984,20.96267549999979,Hungary,HU
284,levelcrossing,47.258023999999835,16.84597249999979,Hungary,HU
285,levelcrossing,47.268912999999856,16.85011849999978,Hungary,HU
286,levelcrossing,47.26648649999984,18.315454499999788,Hungary,HU
287,levelcrossing,47.26519899999985,17.879730999999794,Hungary,HU
288,levelcrossing,47.67075649999984,21.524374499999766,Hungary,HU
289,levelcrossing,47.18298499999983,19.043514999999786,Hungary,HU
290,levelcrossing,47.70549949999983,18.108671499999787,Hungary,HU
291,levelcrossing,47.65360399999986,19.672184999999786,Hungary,HU
292,levelcrossing,47.56957749999984,21.59635199999977,Hungary,HU
293,levelcrossing,46.57281949999984,20.62591599999979,Hungary,HU
294,levelcrossing,46.532762999999846,20.597920499999788,Hungary,HU
295,levelcrossing,47.12345949999985,20.125437499999776,Hungary,HU
296,station,45.95196899999985,17.446752999999774,Hungary,HU
297,levelcrossing,46.202424999999835,17.140015999999775,Hungary,HU
298,levelcrossing,46.036777999999856,17.336368499999793,Hungary,HU
299,unknown,48.41227899999984,22.187705499999765,Hungary,HU
300,unknown,47.721239499999854,18.271273999999778,Hungary,HU
301,unknown,48.385931499999856,21.65802949999977,Hungary,HU
302,unknown,48.07059449999986,19.319546499999774,Hungary,HU
303,levelcrossing,47.756999499999836,18.438279499999794,Hungary,HU
304,unknown,48.18563799999984,19.52748649999978,Hungary,HU
305,unknown,48.16860149999985,19.819655499999783,Hungary,HU
306,unknown,48.206657999999834,19.543986999999788,Hungary,HU
307,unknown,48.07769399999984,19.38295649999978,Hungary,HU
308,unknown,48.07646499999984,19.37576949999979,Hungary,HU
309,unknown,48.07370899999984,19.309305999999793,Hungary,HU
310,unknown,48.071413499999835,19.318216999999777,Hungary,HU
311,unknown,48.072062999999844,19.296469499999773,Hungary,HU
312,unknown,48.351788999999854,22.13506799999979,Hungary,HU
313,levelcrossing,48.09144949999984,19.521420999999776,Hungary,HU
314,unknown,47.758680999999854,18.56820449999978,Hungary,HU
315,levelcrossing,48.539611499999836,20.740200499999787,Hungary,HU
316,unknown,48.525539999999836,21.255228999999787,Hungary,HU
317,levelcrossing,48.33180599999986,21.57414149999977,Hungary,HU
318,station,48.07083049999986,19.292899499999777,Hungary,HU
319,unknown,48.38840349999984,21.66225099999977,Hungary,HU
320,unknown,46.81982549999984,16.34076799999977,Hungary,HU
321,unknown,46.818009999999845,16.356757499999787,Hungary,HU
322,unknown,46.176240999999834,19.998358999999766,Hungary,HU
323,unknown,46.18751049999986,20.71693449999978,Hungary,HU
324,unknown,46.17437449999986,20.589230999999785,Hungary,HU
325,unknown,46.76088499999986,21.465274499999765,Hungary,HU
326,unknown,46.75652949999986,21.47336949999979,Hungary,HU
327,unknown,48.22992799999983,19.619701499999792,Hungary,HU
328,unknown,48.56494299999986,20.80491749999979,Hungary,HU
329,levelcrossing,47.51608699999986,21.91177899999977,Hungary,HU
330,unknown,48.371571499999845,22.144864499999784,Hungary,HU
331,unknown,46.25021649999985,16.971064499999784,Hungary,HU
332,unknown,46.24989049999985,16.96679899999978,Hungary,HU
333,unknown,46.10283399999986,17.237022999999795,Hungary,HU
334,unknown,46.24655849999985,16.943537499999792,Hungary,HU
335,unknown,48.30116599999985,20.33954799999978,Hungary,HU
336,levelcrossing,47.73299299999985,18.20321999999979,Hungary,HU
337,unknown,47.73663349999984,18.372915999999776,Hungary,HU
338,unknown,48.054890999999856,19.223336999999788,Hungary,HU
339,unknown,48.528785999999855,21.261592999999777,Hungary,HU
340,unknown,46.79014649999985,18.918327999999775,Hungary,HU
341,levelcrossing,46.844783499999835,19.459751499999783,Hungary,HU
342,levelcrossing,48.09627499999985,22.30773899999977,Hungary,HU
343,levelcrossing,46.80082849999985,17.385970499999786,Hungary,HU
344,levelcrossing,46.70915799999986,17.95234549999978,Hungary,HU
345,levelcrossing,47.94091049999986,22.039447999999766,Hungary,HU
346,levelcrossing,47.94295449999984,22.320067499999766,Hungary,HU
347,levelcrossing,47.61804549999985,21.325500499999777,Hungary,HU
348,levelcrossing,46.87650149999985,17.39574349999978,Hungary,HU
349,levelcrossing,47.30476849999985,18.560023499999772,Hungary,HU
350,levelcrossing,47.796616999999856,19.382211499999784,Hungary,HU
351,levelcrossing,47.94137899999984,21.378213999999787,Hungary,HU
352,levelcrossing,47.48154399999984,20.506855499999773,Hungary,HU
353,unknown,46.65328549999984,20.271872999999772,Hungary,HU
354,unknown,47.69901599999986,19.387411999999784,Hungary,HU
355,levelcrossing,47.86594599999984,22.17954199999977,Hungary,HU
356,levelcrossing,47.61161849999985,20.30506699999978,Hungary,HU
357,unknown,47.86229649999984,21.848222499999764,Hungary,HU
358,unknown,47.68818299999984,16.883950999999797,Hungary,HU
359,levelcrossing,46.87881249999984,20.014267999999788,Hungary,HU
360,levelcrossing,47.37095799999986,19.998152499999776,Hungary,HU
361,unknown,47.53975999999986,19.10716149999979,Hungary,HU
362,levelcrossing,47.77298949999985,19.36856899999978,Hungary,HU
363,levelcrossing,47.85300699999985,20.213168999999766,Hungary,HU
364,levelcrossing,46.14373799999984,18.62868199999977,Hungary,HU
365,levelcrossing,46.67957199999984,17.875973499999787,Hungary,HU
366,levelcrossing,47.34227399999983,17.624751999999773,Hungary,HU
367,levelcrossing,47.27061599999985,17.874783999999778,Hungary,HU
368,levelcrossing,46.49535799999984,19.723620499999782,Hungary,HU
369,levelcrossing,46.80311799999984,19.01080349999978,Hungary,HU
370,levelcrossing,47.999437999999856,19.850585999999794,Hungary,HU
371,levelcrossing,47.95795649999985,19.35238149999978,Hungary,HU
372,unknown,47.571897999999834,19.11454349999977,Hungary,HU
373,levelcrossing,46.972897499999846,17.27542749999978,Hungary,HU
374,levelcrossing,46.868359499999855,19.854393499999787,Hungary,HU
375,levelcrossing,46.33716049999984,18.15230299999979,Hungary,HU
376,levelcrossing,47.584993499999854,20.733285999999765,Hungary,HU
377,levelcrossing,46.766473999999846,18.147487499999784,Hungary,HU
378,levelcrossing,47.291120499999835,19.254838499999778,Hungary,HU
379,levelcrossing,46.92627149999984,17.837546999999773,Hungary,HU
380,levelcrossing,47.73944649999984,21.51064599999978,Hungary,HU
381,levelcrossing,47.524677499999854,18.221049999999792,Hungary,HU
382,levelcrossing,46.49761299999986,21.032369999999787,Hungary,HU
383,levelcrossing,47.49211199999985,18.037808999999783,Hungary,HU
384,levelcrossing,47.699730499999845,18.759217499999778,Hungary,HU
385,levelcrossing,46.51285949999985,17.657141999999794,Hungary,HU
386,unknown,46.576400999999834,17.81727799999979,Hungary,HU
387,levelcrossing,47.13636999999986,19.442497499999774,Hungary,HU
388,unknown,46.528879999999845,21.17453649999979,Hungary,HU
389,levelcrossing,46.54058849999984,18.67175549999979,Hungary,HU
390,levelcrossing,46.507389499999846,17.833448999999774,Hungary,HU
391,levelcrossing,46.88052199999984,17.36109049999979,Hungary,HU
392,levelcrossing,47.51378999999986,18.183659999999776,Hungary,HU
393,levelcrossing,47.87168299999985,21.824513499999767,Hungary,HU
394,unknown,46.615586499999836,17.847419999999772,Hungary,HU
395,levelcrossing,46.616588999999834,18.649625499999786,Hungary,HU
396,unknown,46.58849899999984,18.85315749999978,Hungary,HU
397,levelcrossing,46.615781999999854,20.624810999999767,Hungary,HU
398,unknown,47.14326949999983,18.50892849999977,Hungary,HU
399,levelcrossing,47.10202399999986,18.499271499999793,Hungary,HU
400,levelcrossing,46.70686199999986,20.13822049999979,Hungary,HU
401,levelcrossing,46.58406899999986,17.420420999999777,Hungary,HU
402,levelcrossing,47.948577999999856,21.872365499999773,Hungary,HU
403,unknown,47.11730449999985,17.90346199999979,Hungary,HU
404,levelcrossing,47.17465899999985,17.934553999999792,Hungary,HU
405,levelcrossing,47.16502199999985,19.37859249999977,Hungary,HU
406,levelcrossing,46.55759499999985,19.74718949999979,Hungary,HU
407,levelcrossing,47.018185499999845,20.291748499999784,Hungary,HU
408,levelcrossing,47.09053649999984,21.202361499999768,Hungary,HU
409,unknown,46.70217549999984,19.837876499999794,Hungary,HU
410,levelcrossing,46.70089249999984,19.838524999999777,Hungary,HU
411,levelcrossing,46.856595999999854,20.56644399999979,Hungary,HU
412,levelcrossing,47.91592699999984,20.177239499999786,Hungary,HU
413,levelcrossing,47.887384499999854,20.39678399999977,Hungary,HU
414,levelcrossing,47.896645499999835,22.212421999999776,Hungary,HU
415,levelcrossing,47.90803849999983,19.691374499999768,Hungary,HU
416,levelcrossing,47.862168499999854,21.850061499999782,Hungary,HU
417,levelcrossing,47.89175049999986,19.36936149999977,Hungary,HU
418,levelcrossing,47.837739499999856,21.41038949999978,Hungary,HU
419,levelcrossing,47.85454099999984,19.387467999999785,Hungary,HU
420,levelcrossing,46.40704099999985,20.726966499999776,Hungary,HU
421,levelcrossing,46.40124799999984,20.89090349999978,Hungary,HU
422,levelcrossing,47.37658299999984,17.68522249999978,Hungary,HU
423,levelcrossing,46.406235999999836,20.89729099999977,Hungary,HU
424,levelcrossing,46.90033999999986,19.677558999999775,Hungary,HU
425,levelcrossing,47.687579499999856,19.283188999999794,Hungary,HU
426,levelcrossing,47.07124599999986,18.168358999999782,Hungary,HU
427,levelcrossing,48.298572999999834,20.750396999999765,Hungary,HU
428,levelcrossing,47.60549549999985,21.749067999999767,Hungary,HU
429,station,47.60945999999984,20.30564149999978,Hungary,HU
430,levelcrossing,46.91935699999985,16.599277499999772,Hungary,HU
431,unknown,47.48798699999983,18.029829999999777,Hungary,HU
432,levelcrossing,47.45012149999985,19.16016449999978,Hungary,HU
433,levelcrossing,46.29832249999984,19.344616499999773,Hungary,HU
434,levelcrossing,47.07896649999984,21.19525299999978,Hungary,HU
435,levelcrossing,47.06643599999984,18.27856049999977,Hungary,HU
436,levelcrossing,47.046962499999836,18.238820999999774,Hungary,HU
437,levelcrossing,47.067356999999845,19.499195499999786,Hungary,HU
438,levelcrossing,46.22937249999984,18.649809999999775,Hungary,HU
439,levelcrossing,47.00880249999986,18.553079499999768,Hungary,HU
440,levelcrossing,47.03966349999985,18.192654499999776,Hungary,HU
441,levelcrossing,46.23866399999986,18.619305999999796,Hungary,HU
442,levelcrossing,46.21702399999984,20.512287999999785,Hungary,HU
443,levelcrossing,46.19400699999986,19.37879849999979,Hungary,HU
444,levelcrossing,47.37504799999985,20.64428799999979,Hungary,HU
445,levelcrossing,47.45768799999985,20.20267599999977,Hungary,HU
446,levelcrossing,47.31504799999985,18.58239949999978,Hungary,HU
447,levelcrossing,47.374584499999855,19.22076949999979,Hungary,HU
448,levelcrossing,47.44110649999985,19.93960199999978,Hungary,HU
449,levelcrossing,46.18501949999984,18.958410999999785,Hungary,HU
450,station,47.64859949999985,19.287358999999782,Hungary,HU
451,unknown,47.46805599999985,19.070593999999772,Hungary,HU
452,levelcrossing,46.176952999999855,18.97717449999979,Hungary,HU
453,levelcrossing,47.600104499999844,19.35560449999977,Hungary,HU
454,levelcrossing,47.59420599999984,18.041245499999775,Hungary,HU
455,levelcrossing,47.033465499999835,21.164054499999793,Hungary,HU
456,levelcrossing,47.02530549999986,17.20402249999978,Hungary,HU
457,unknown,47.034613999999834,17.198235499999782,Hungary,HU
458,levelcrossing,46.98440499999984,20.28043199999979,Hungary,HU
459,unknown,47.03048299999983,18.18638949999979,Hungary,HU
460,levelcrossing,47.33223249999983,20.897720499999792,Hungary,HU
461,levelcrossing,47.36664249999984,18.19137399999977,Hungary,HU
462,levelcrossing,46.75088549999984,17.56342749999979,Hungary,HU
463,levelcrossing,47.64694999999983,19.031695499999785,Hungary,HU
464,station,47.64160849999985,19.035807999999776,Hungary,HU
465,levelcrossing,47.645729999999844,21.828802499999767,Hungary,HU
466,unknown,47.65991849999983,17.643605999999778,Hungary,HU
467,unknown,47.68505349999984,19.918905499999767,Hungary,HU
468,levelcrossing,47.32435349999986,21.740468499999764,Hungary,HU
469,levelcrossing,46.658044999999845,17.615985999999793,Hungary,HU
470,levelcrossing,47.73524999999984,18.679870499999794,Hungary,HU
471,levelcrossing,47.681834999999836,21.877858499999775,Hungary,HU
472,levelcrossing,47.64268699999985,17.66272749999979,Hungary,HU
473,levelcrossing,47.62194249999985,19.04761449999978,Hungary,HU
474,levelcrossing,47.628003499999835,19.199224499999787,Hungary,HU
475,levelcrossing,47.611484999999846,19.183855999999793,Hungary,HU
476,levelcrossing,47.345290499999834,21.589274999999787,Hungary,HU
477,levelcrossing,47.500060999999846,18.019868999999773,Hungary,HU
478,levelcrossing,47.491584999999844,17.994399999999786,Hungary,HU
479,levelcrossing,47.49773299999984,17.79600149999979,Hungary,HU
480,levelcrossing,47.486882999999835,17.984565999999774,Hungary,HU
481,levelcrossing,47.47931149999985,17.952038499999787,Hungary,HU
482,unknown,47.50581549999984,19.15643499999979,Hungary,HU
483,levelcrossing,47.00894649999984,16.576865999999796,Hungary,HU
484,station,47.61347499999985,21.349294999999785,Hungary,HU
485,levelcrossing,47.016523499999835,21.15344449999978,Hungary,HU
486,station,46.972701999999856,20.276523999999768,Hungary,HU
487,unknown,46.07994049999985,18.256527999999776,Hungary,HU
488,levelcrossing,46.151308999999856,18.446940499999783,Hungary,HU
489,levelcrossing,46.14626049999984,19.07603899999978,Hungary,HU
490,levelcrossing,47.57427699999985,20.022617499999768,Hungary,HU
491,levelcrossing,46.15235549999986,18.600914999999787,Hungary,HU
492,levelcrossing,47.63665099999986,19.968173999999777,Hungary,HU
493,levelcrossing,47.57466899999986,19.01486849999978,Hungary,HU
494,levelcrossing,47.55881749999983,21.498550499999766,Hungary,HU
495,levelcrossing,46.72911099999985,18.033879999999783,Hungary,HU
496,levelcrossing,46.72515199999984,19.846408999999767,Hungary,HU
497,levelcrossing,46.71599649999985,19.825657999999777,Hungary,HU
498,unknown,47.46640849999986,19.07105249999978,Hungary,HU
499,levelcrossing,46.671377499999835,20.675040999999766,Hungary,HU
500,levelcrossing,46.715276999999844,18.64756399999979,Hungary,HU
501,levelcrossing,46.71383849999984,17.976523499999786,Hungary,HU
502,levelcrossing,46.036781999999846,17.927756499999788,Hungary,HU
503,station,46.04318199999986,17.79405799999978,Hungary,HU
504,levelcrossing,47.37088349999985,20.15265149999979,Hungary,HU
505,levelcrossing,47.32180199999985,20.092412499999767,Hungary,HU
506,levelcrossing,47.28717949999984,21.793451499999776,Hungary,HU
507,levelcrossing,47.00352749999985,21.176597999999785,Hungary,HU
508,levelcrossing,47.44007049999985,18.586660499999795,Hungary,HU
509,levelcrossing,46.94331549999984,20.556583999999788,Hungary,HU
510,levelcrossing,47.47254949999984,20.737739999999775,Hungary,HU
511,levelcrossing,47.47709199999986,17.865510499999772,Hungary,HU
512,levelcrossing,47.523696999999856,17.316247999999774,Hungary,HU
513,levelcrossing,47.459606499999836,17.31549849999979,Hungary,HU
514,levelcrossing,46.68564949999984,20.24908499999978,Hungary,HU
515,levelcrossing,47.522463499999844,20.155062499999786,Hungary,HU
516,unknown,46.678089999999855,21.07328199999978,Hungary,HU
517,levelcrossing,45.992140499999834,17.595804499999787,Hungary,HU
518,station,47.61125749999985,19.181135999999782,Hungary,HU
519,unknown,46.95577799999984,18.91599549999978,Hungary,HU
520,levelcrossing,45.96321499999985,17.499549499999773,Hungary,HU
521,levelcrossing,45.93480799999983,17.865947999999776,Hungary,HU
522,levelcrossing,45.969253999999836,17.72185349999978,Hungary,HU
523,levelcrossing,47.21584499999986,21.804332999999787,Hungary,HU
524,levelcrossing,47.36571249999986,20.65379999999979,Hungary,HU
525,levelcrossing,47.33036199999984,18.237027499999783,Hungary,HU
526,levelcrossing,47.28612299999983,18.29228649999979,Hungary,HU
527,levelcrossing,47.32304799999986,21.10344399999977,Hungary,HU
528,levelcrossing,46.959907499999844,16.602976499999784,Hungary,HU
529,unknown,46.93503349999983,18.94921949999977,Hungary,HU
530,unknown,48.286242499999844,20.439194999999785,Hungary,HU
531,unknown,46.94819349999986,18.92771799999977,Hungary,HU
532,levelcrossing,46.898944999999856,21.31699549999979,Hungary,HU
533,levelcrossing,46.93488049999985,21.28024849999977,Hungary,HU
534,station,47.54554199999984,19.259202999999786,Hungary,HU
535,levelcrossing,46.881113999999855,20.269241499999794,Hungary,HU
536,levelcrossing,47.54285599999986,18.335027999999795,Hungary,HU
537,levelcrossing,47.516316499999846,18.270434999999793,Hungary,HU
538,levelcrossing,47.53016149999985,18.298499499999792,Hungary,HU
539,levelcrossing,47.525190999999836,20.14118549999978,Hungary,HU
540,levelcrossing,47.529427999999854,17.75980649999977,Hungary,HU
541,levelcrossing,45.886715999999836,17.752361999999778,Hungary,HU
542,levelcrossing,45.84578649999986,18.221041499999785,Hungary,HU
543,unknown,45.87535249999985,17.85841499999978,Hungary,HU
544,levelcrossing,45.882085999999845,17.936818999999787,Hungary,HU
545,levelcrossing,45.87714949999986,17.764564999999777,Hungary,HU
546,levelcrossing,45.87444499999984,17.85889249999977,Hungary,HU
547,levelcrossing,45.85635449999984,18.224027499999778,Hungary,HU
548,levelcrossing,45.86517999999984,17.84024249999979,Hungary,HU
549,levelcrossing,46.760939499999836,20.29083099999977,Hungary,HU
550,levelcrossing,45.86273199999985,18.23301449999977,Hungary,HU
551,levelcrossing,47.37561799999983,20.164102999999784,Hungary,HU
552,levelcrossing,46.73018399999984,19.85554799999977,Hungary,HU
553,levelcrossing,47.63608149999985,19.220001499999768,Hungary,HU
554,levelcrossing,47.20307499999984,18.50031949999979,Hungary,HU
555,levelcrossing,47.21268849999984,19.331216999999782,Hungary,HU
556,levelcrossing,47.252650499999845,19.306064499999792,Hungary,HU
557,levelcrossing,47.24948149999986,18.33730749999978,Hungary,HU
558,levelcrossing,46.217438499999844,18.712706999999767,Hungary,HU
559,levelcrossing,46.254188499999856,20.113456999999784,Hungary,HU
560,levelcrossing,46.68683249999984,19.991564499999782,Hungary,HU
561,levelcrossing,47.943268499999846,21.738598499999767,Hungary,HU
562,levelcrossing,47.68486149999984,21.52181349999978,Hungary,HU
563,levelcrossing,47.76135449999984,20.233702499999794,Hungary,HU
564,levelcrossing,47.94775799999985,21.992528499999764,Hungary,HU
565,levelcrossing,47.76217199999985,22.012189499999778,Hungary,HU
566,levelcrossing,46.55370449999984,20.655212499999777,Hungary,HU
567,levelcrossing,46.41176449999983,19.49679299999977,Hungary,HU
568,levelcrossing,46.41263899999984,20.337204499999785,Hungary,HU
569,levelcrossing,46.144172499999854,18.58631799999978,Hungary,HU
570,levelcrossing,46.452348999999856,20.97144899999978,Hungary,HU
571,station,48.08923899999985,19.79140549999977,Hungary,HU
572,levelcrossing,46.11753299999984,19.341981499999775,Hungary,HU
573,levelcrossing,46.88751749999986,21.344410499999782,Hungary,HU
574,levelcrossing,45.84241799999984,18.04549499999979,Hungary,HU
575,levelcrossing,45.83125799999985,18.39169499999977,Hungary,HU
576,levelcrossing,45.85169249999984,18.319377499999774,Hungary,HU
577,levelcrossing,45.82927349999986,18.095226999999795,Hungary,HU
578,levelcrossing,46.114839999999845,19.256453499999793,Hungary,HU
579,levelcrossing,45.862464499999845,17.987172499999787,Hungary,HU
580,levelcrossing,46.11424849999986,19.30522899999977,Hungary,HU
581,levelcrossing,46.11571899999984,19.154229999999785,Hungary,HU
582,levelcrossing,46.32138199999986,20.75994849999978,Hungary,HU
583,levelcrossing,46.60776799999985,17.63285899999977,Hungary,HU
584,levelcrossing,47.421257499999854,21.624229999999784,Hungary,HU
585,levelcrossing,47.657335499999846,20.656457999999787,Hungary,HU
586,levelcrossing,48.25958649999984,20.770172499999774,Hungary,HU
587,unknown,48.27296849999985,20.58253549999978,Hungary,HU
588,levelcrossing,47.718139999999835,20.285117499999785,Hungary,HU
589,station,46.65643699999984,21.273131999999777,Hungary,HU
590,levelcrossing,47.44567849999984,18.100983999999784,Hungary,HU
591,levelcrossing,47.41210049999984,21.62486949999979,Hungary,HU
592,levelcrossing,47.109983999999855,18.42875749999979,Hungary,HU
593,levelcrossing,47.09842349999985,18.09347649999978,Hungary,HU
594,unknown,46.950668999999834,20.802491999999773,Hungary,HU
595,levelcrossing,46.965598999999855,16.602661499999783,Hungary,HU
596,unknown,46.87439899999984,17.429835499999797,Hungary,HU
597,unknown,46.204435999999845,18.703596499999776,Hungary,HU
598,unknown,47.52630849999986,21.64190599999978,Hungary,HU
599,levelcrossing,47.54276249999984,18.02662749999979,Hungary,HU
600,levelcrossing,47.086062999999854,20.33689849999979,Hungary,HU
601,levelcrossing,46.31619849999984,17.321422999999783,Hungary,HU
602,levelcrossing,47.32229049999984,21.659787999999764,Hungary,HU
603,unknown,46.80876199999986,18.601463499999795,Hungary,HU
604,levelcrossing,46.969809499999855,19.022382499999793,Hungary,HU
605,levelcrossing,47.43862749999985,17.33678549999979,Hungary,HU
606,levelcrossing,47.54819999999984,20.38783799999979,Hungary,HU
607,levelcrossing,46.908809999999846,16.603242999999793,Hungary,HU
608,unknown,47.73969549999984,18.70865649999979,Hungary,HU
609,levelcrossing,47.72859949999986,18.725577999999786,Hungary,HU
610,levelcrossing,46.81221899999986,19.343301499999768,Hungary,HU
611,station,47.72469749999985,18.731457499999777,Hungary,HU
612,levelcrossing,46.85052249999984,20.248700999999784,Hungary,HU
613,levelcrossing,46.833627499999835,19.973461999999785,Hungary,HU
614,levelcrossing,47.70488799999984,19.34213799999978,Hungary,HU
615,levelcrossing,47.69387149999986,21.00398199999978,Hungary,HU
616,levelcrossing,46.85978399999985,19.97710699999979,Hungary,HU
617,levelcrossing,46.82338549999986,20.661534999999787,Hungary,HU
618,levelcrossing,47.03554349999985,20.142144999999772,Hungary,HU
619,levelcrossing,46.99991049999986,18.252073499999796,Hungary,HU
620,station,47.02579249999985,19.54560399999977,Hungary,HU
621,levelcrossing,47.00434099999984,20.12596949999977,Hungary,HU
622,levelcrossing,46.98771749999986,19.55726199999978,Hungary,HU
623,levelcrossing,47.097713499999855,18.85571349999978,Hungary,HU
624,levelcrossing,47.33233399999983,17.598168499999787,Hungary,HU
625,unknown,47.09468799999985,18.377930499999792,Hungary,HU
626,levelcrossing,48.285806999999835,20.44041949999979,Hungary,HU
627,levelcrossing,47.18862499999986,18.452473999999768,Hungary,HU
628,levelcrossing,47.23461849999984,21.146901999999784,Hungary,HU
629,unknown,47.18605449999984,18.439705499999775,Hungary,HU
630,levelcrossing,46.42486849999986,19.50004949999979,Hungary,HU
631,levelcrossing,47.523828999999836,18.226094999999788,Hungary,HU
632,unknown,47.52204749999984,19.221746999999795,Hungary,HU
633,levelcrossing,46.43076349999984,19.515093999999777,Hungary,HU
634,unknown,47.54930099999984,19.09111649999977,Hungary,HU
635,levelcrossing,46.40791999999985,17.40668249999979,Hungary,HU
636,levelcrossing,48.00546249999985,22.162510999999768,Hungary,HU
637,levelcrossing,47.973168499999844,19.35858749999977,Hungary,HU
638,unknown,48.00163849999984,19.82967499999978,Hungary,HU
639,levelcrossing,47.42744299999984,17.74539249999978,Hungary,HU
640,levelcrossing,47.341856999999834,17.561608499999778,Hungary,HU
641,levelcrossing,48.28428499999984,21.51115699999977,Hungary,HU
642,levelcrossing,48.32307049999986,21.562989499999787,Hungary,HU
643,levelcrossing,48.316283499999855,22.19848849999977,Hungary,HU
644,levelcrossing,47.77021649999983,21.847890499999778,Hungary,HU
645,unknown,46.41667599999985,20.348976499999793,Hungary,HU
646,levelcrossing,48.28607099999985,20.441687999999772,Hungary,HU
647,unknown,47.90371349999984,20.38004099999978,Hungary,HU
648,levelcrossing,48.28056299999986,20.505365499999783,Hungary,HU
649,levelcrossing,47.864640999999835,21.129316999999787,Hungary,HU
650,levelcrossing,47.90771199999983,21.16806049999977,Hungary,HU
651,levelcrossing,47.90737999999985,21.724845999999786,Hungary,HU
652,levelcrossing,48.39546399999983,20.722888999999782,Hungary,HU
653,unknown,48.18921149999986,20.76493099999979,Hungary,HU
654,levelcrossing,48.18747749999986,20.76561849999979,Hungary,HU
655,levelcrossing,46.49282149999985,20.69941149999977,Hungary,HU
656,levelcrossing,48.17295149999984,21.351245999999776,Hungary,HU
657,levelcrossing,47.12189299999986,21.195861999999778,Hungary,HU
658,levelcrossing,46.460346499999844,17.725199499999775,Hungary,HU
659,unknown,46.36087549999985,17.775266999999786,Hungary,HU
660,levelcrossing,47.346505499999836,17.471126999999797,Hungary,HU
661,levelcrossing,46.21179349999986,19.37085399999978,Hungary,HU
662,levelcrossing,47.61819649999984,16.850843999999796,Hungary,HU
663,levelcrossing,47.61474649999985,21.346029499999787,Hungary,HU
664,levelcrossing,47.61529849999985,18.899284999999793,Hungary,HU
665,levelcrossing,47.577267499999834,21.456099499999766,Hungary,HU
666,levelcrossing,47.42372899999984,20.775747999999766,Hungary,HU
667,levelcrossing,47.62730999999985,20.748171499999785,Hungary,HU
668,levelcrossing,47.01393249999984,20.59299999999979,Hungary,HU
669,levelcrossing,46.49005199999985,20.512580999999784,Hungary,HU
670,levelcrossing,47.01418849999985,17.21443499999978,Hungary,HU
671,unknown,46.902097499999854,18.614297499999793,Hungary,HU
672,station,46.86165699999984,20.567422999999792,Hungary,HU
673,levelcrossing,46.933335499999856,20.079685999999782,Hungary,HU
674,station,46.95479149999986,17.882067499999778,Hungary,HU
675,levelcrossing,47.56227149999984,19.796255499999774,Hungary,HU
676,levelcrossing,47.436206499999855,19.196385499999792,Hungary,HU
677,levelcrossing,47.555442499999856,17.316096999999786,Hungary,HU
678,levelcrossing,47.54387899999983,21.58598299999977,Hungary,HU
679,levelcrossing,48.24632649999984,22.227581999999785,Hungary,HU
680,levelcrossing,48.22834899999984,21.41136849999978,Hungary,HU
681,station,48.22295949999983,20.704038999999767,Hungary,HU
682,levelcrossing,48.24658049999985,21.42564299999978,Hungary,HU
683,levelcrossing,48.270001999999835,22.201407999999788,Hungary,HU
684,levelcrossing,48.23848599999985,20.374000999999794,Hungary,HU
685,levelcrossing,46.67055449999984,20.45216549999978,Hungary,HU
686,unknown,47.46209699999986,19.157798499999785,Hungary,HU
687,levelcrossing,46.66462249999984,21.089058499999766,Hungary,HU
688,levelcrossing,47.37154299999983,18.577807999999777,Hungary,HU
689,levelcrossing,46.65569299999984,20.590042499999782,Hungary,HU
690,levelcrossing,47.73661899999985,21.957083499999783,Hungary,HU
691,levelcrossing,46.82870499999984,18.636311999999776,Hungary,HU
692,levelcrossing,48.212019499999855,22.252576499999776,Hungary,HU
693,unknown,47.73196999999985,19.22410949999977,Hungary,HU
694,levelcrossing,46.655196499999846,20.271923999999785,Hungary,HU
695,levelcrossing,48.147496499999846,20.78278949999978,Hungary,HU
696,station,46.60082599999984,18.853468499999792,Hungary,HU
697,levelcrossing,46.58953549999984,18.650473499999777,Hungary,HU
698,levelcrossing,46.33997399999984,17.34405449999977,Hungary,HU
699,levelcrossing,46.62571899999983,20.848423999999767,Hungary,HU
700,levelcrossing,47.452841499999835,20.554730999999776,Hungary,HU
701,levelcrossing,46.703294499999856,17.255579499999783,Hungary,HU
702,levelcrossing,47.74797649999985,21.114715999999788,Hungary,HU
703,station,46.623803999999836,18.866022999999785,Hungary,HU
704,station,46.65714999999986,20.272037499999783,Hungary,HU
705,levelcrossing,46.41311699999986,17.760400999999774,Hungary,HU
706,levelcrossing,46.837297999999834,17.47609349999979,Hungary,HU
707,unknown,46.87627549999985,20.010984999999778,Hungary,HU
708,levelcrossing,46.86529099999984,17.45104649999979,Hungary,HU
709,levelcrossing,46.80325299999984,19.97356549999978,Hungary,HU
710,levelcrossing,46.824564999999836,21.416304999999767,Hungary,HU
711,levelcrossing,46.77366899999984,21.455567999999772,Hungary,HU
712,levelcrossing,47.751430499999856,19.166394999999767,Hungary,HU
713,levelcrossing,46.797683499999835,20.303007999999778,Hungary,HU
714,levelcrossing,47.81961299999983,19.391422999999776,Hungary,HU
715,levelcrossing,48.05992249999986,22.20368449999978,Hungary,HU
716,levelcrossing,48.05925349999984,20.353109999999788,Hungary,HU
717,unknown,46.86139649999984,20.277230499999774,Hungary,HU
718,levelcrossing,47.61617299999983,20.87623949999977,Hungary,HU
719,levelcrossing,45.982807499999836,17.956400999999772,Hungary,HU
720,levelcrossing,45.97053599999984,17.534752999999796,Hungary,HU
721,levelcrossing,45.96151449999985,17.58876449999977,Hungary,HU
722,unknown,46.03274899999985,18.000356499999782,Hungary,HU
723,levelcrossing,47.840374499999854,22.107682499999783,Hungary,HU
724,levelcrossing,47.832723499999844,21.423956499999775,Hungary,HU
725,levelcrossing,47.82916399999985,19.68816149999978,Hungary,HU
726,levelcrossing,47.85140849999985,19.690447499999777,Hungary,HU
727,unknown,47.03365799999983,18.186025499999772,Hungary,HU
728,levelcrossing,46.19945199999984,18.73494549999978,Hungary,HU
729,levelcrossing,46.124277499999835,19.363876999999775,Hungary,HU
730,unknown,46.68895099999983,17.28486449999977,Hungary,HU
731,unknown,47.110006499999855,18.05639999999977,Hungary,HU
732,levelcrossing,46.58697949999984,20.24395149999978,Hungary,HU
733,levelcrossing,46.08693199999985,18.286848499999792,Hungary,HU
734,unknown,47.10705199999984,18.84713149999979,Hungary,HU
735,levelcrossing,46.46564749999985,20.242546999999774,Hungary,HU
736,unknown,47.65511899999984,19.068372499999782,Hungary,HU
737,station,48.010297999999835,19.83330749999979,Hungary,HU
738,unknown,47.46981649999984,19.09704199999979,Hungary,HU
739,unknown,47.54228399999985,19.102754499999776,Hungary,HU
740,levelcrossing,48.115046999999834,22.312790499999778,Hungary,HU
741,levelcrossing,46.651196999999854,20.276516999999785,Hungary,HU
742,levelcrossing,47.59848899999986,19.34748049999979,Hungary,HU
743,levelcrossing,46.788860999999855,19.003390499999767,Hungary,HU
744,levelcrossing,48.395080999999834,22.19196999999977,Hungary,HU
745,levelcrossing,46.710293999999834,20.114353999999793,Hungary,HU
746,levelcrossing,48.094733999999846,20.382125499999773,Hungary,HU
747,station,47.61381749999984,18.90290399999978,Hungary,HU
748,levelcrossing,46.79167399999986,19.953194999999766,Hungary,HU
749,levelcrossing,46.85280399999985,18.142003999999787,Hungary,HU
750,levelcrossing,46.81047599999985,20.16638199999977,Hungary,HU
751,levelcrossing,46.80064899999985,18.15029999999979,Hungary,HU
752,levelcrossing,46.77089949999984,18.624059999999787,Hungary,HU
753,unknown,46.67616449999986,20.266172499999783,Hungary,HU
754,levelcrossing,46.80540349999984,18.929367499999785,Hungary,HU
755,levelcrossing,48.21307199999984,20.792206499999793,Hungary,HU
756,levelcrossing,46.812801499999836,19.25326899999979,Hungary,HU
757,levelcrossing,48.33319799999984,20.731349999999793,Hungary,HU
758,levelcrossing,48.451309999999836,20.720823999999766,Hungary,HU
759,levelcrossing,48.31263499999986,20.75288999999978,Hungary,HU
760,levelcrossing,48.227033499999834,22.24008349999977,Hungary,HU
761,levelcrossing,48.271585499999844,20.441285999999792,Hungary,HU
762,levelcrossing,48.26658799999984,20.432916499999777,Hungary,HU
763,unknown,48.35867249999984,22.18883649999978,Hungary,HU
764,levelcrossing,48.25969249999986,20.397862499999775,Hungary,HU
765,station,48.30015349999985,20.74956249999977,Hungary,HU
766,levelcrossing,48.25096349999984,20.389881999999773,Hungary,HU
767,levelcrossing,48.20148399999985,20.35604399999977,Hungary,HU
768,levelcrossing,48.199145499999844,20.776058999999776,Hungary,HU
769,levelcrossing,48.22202599999986,20.791466499999785,Hungary,HU
770,unknown,48.15503749999985,21.283522999999775,Hungary,HU
771,levelcrossing,48.053120499999835,22.31201649999977,Hungary,HU
772,unknown,48.044324999999844,21.54864649999979,Hungary,HU
773,levelcrossing,48.019306999999856,21.32061299999978,Hungary,HU
774,levelcrossing,48.01476949999986,19.33605399999979,Hungary,HU
775,levelcrossing,48.11961049999985,19.526003999999773,Hungary,HU
776,levelcrossing,48.06515699999986,19.784463499999788,Hungary,HU
777,levelcrossing,47.99390999999986,21.206723499999782,Hungary,HU
778,levelcrossing,48.01857099999984,21.347342999999768,Hungary,HU
779,levelcrossing,48.01476399999984,22.31740099999979,Hungary,HU
780,levelcrossing,48.009460999999845,21.490466999999768,Hungary,HU
781,levelcrossing,47.99163949999985,21.452755999999766,Hungary,HU
782,levelcrossing,48.000822999999855,21.369789999999767,Hungary,HU
783,levelcrossing,47.99774349999984,19.345898499999777,Hungary,HU
784,levelcrossing,47.99687749999984,22.317931999999786,Hungary,HU
785,levelcrossing,47.916908499999835,21.17431949999977,Hungary,HU
786,levelcrossing,47.99011099999984,20.01553149999978,Hungary,HU
787,levelcrossing,47.96911399999985,19.08742399999977,Hungary,HU
788,levelcrossing,47.97240549999984,20.038869999999775,Hungary,HU
789,levelcrossing,47.97242399999985,21.365196999999768,Hungary,HU
790,levelcrossing,47.93175199999985,20.10410749999977,Hungary,HU
791,levelcrossing,47.920105999999834,21.39405549999978,Hungary,HU
792,levelcrossing,47.90522049999984,21.40421399999977,Hungary,HU
793,levelcrossing,47.85283649999985,22.015124999999784,Hungary,HU
794,levelcrossing,47.80096799999984,21.13789449999979,Hungary,HU
795,station,47.842494499999844,22.13167949999979,Hungary,HU
796,levelcrossing,47.84546549999985,19.386477999999784,Hungary,HU
797,levelcrossing,47.84456499999985,22.086885999999765,Hungary,HU
798,levelcrossing,47.841649999999845,22.12173299999978,Hungary,HU
799,levelcrossing,47.87391499999984,20.200141999999772,Hungary,HU
800,levelcrossing,47.84675849999985,21.13847599999977,Hungary,HU
801,levelcrossing,47.84582799999984,22.14802249999977,Hungary,HU
802,levelcrossing,47.761626499999835,19.67021699999978,Hungary,HU
803,levelcrossing,47.76342449999984,20.420064499999768,Hungary,HU
804,levelcrossing,47.81788299999985,22.090564499999772,Hungary,HU
805,unknown,47.69718949999984,21.897735499999783,Hungary,HU
806,levelcrossing,47.69879749999984,21.082045999999792,Hungary,HU
807,levelcrossing,47.736924499999844,19.67394699999977,Hungary,HU
808,levelcrossing,47.20769199999984,17.917964499999783,Hungary,HU
809,levelcrossing,47.26782349999985,18.525983499999768,Hungary,HU
810,levelcrossing,47.24960649999986,17.887735499999792,Hungary,HU
811,levelcrossing,47.26598449999986,21.09189349999977,Hungary,HU
812,levelcrossing,47.19305549999984,19.33226099999979,Hungary,HU
813,station,47.66023699999985,21.524003999999792,Hungary,HU
814,levelcrossing,47.65125999999984,19.290787499999794,Hungary,HU
815,levelcrossing,47.66007949999985,18.056591999999796,Hungary,HU
816,levelcrossing,47.68930399999985,19.398219499999783,Hungary,HU
817,levelcrossing,47.66087649999986,19.295339999999783,Hungary,HU
818,levelcrossing,46.65698999999984,21.279683999999776,Hungary,HU
819,levelcrossing,46.57436499999986,20.68532499999978,Hungary,HU
820,levelcrossing,46.52812799999984,20.194553499999785,Hungary,HU
821,levelcrossing,46.559735499999846,20.637299499999784,Hungary,HU
822,levelcrossing,46.64525399999985,19.812355999999767,Hungary,HU
823,unknown,46.57211999999984,20.678135999999768,Hungary,HU
824,levelcrossing,46.66691249999985,18.880923499999767,Hungary,HU
825,station,46.50271649999985,19.727195999999793,Hungary,HU
826,levelcrossing,46.558616999999856,20.649100499999776,Hungary,HU
827,levelcrossing,46.558909999999855,20.644987499999786,Hungary,HU
828,levelcrossing,47.73719199999985,18.14277599999977,Hungary,HU
829,unknown,47.74602599999986,18.139992499999778,Hungary,HU
830,levelcrossing,47.85953999999984,22.387159999999767,Hungary,HU
831,station,47.68599999999984,16.575230499999776,Hungary,HU
832,station,47.17935799999984,20.174786499999783,Hungary,HU
833,unknown,47.680071499999855,16.582837499999783,Hungary,HU
834,unknown,47.48819499999985,19.114680499999793,Hungary,HU
835,station,47.78247599999983,19.134390999999795,Hungary,HU
836,station,47.48456949999985,18.830404999999786,Hungary,HU
837,unknown,47.70022749999984,16.493010999999797,Hungary,HU
838,unknown,47.756489499999844,18.08689549999977,Hungary,HU
839,levelcrossing,46.70421749999986,17.37052449999979,Hungary,HU
840,unknown,46.99220549999984,18.253949499999777,Hungary,HU
841,unknown,47.684491999999835,17.66501699999978,Hungary,HU
842,levelcrossing,47.52515599999984,18.490763499999787,Hungary,HU
843,unknown,47.67405399999984,16.592461999999784,Hungary,HU
844,station,47.68636549999985,21.678647999999782,Hungary,HU
845,unknown,47.24286149999983,16.630668499999786,Hungary,HU
846,levelcrossing,47.245224499999836,16.66231499999978,Hungary,HU
847,levelcrossing,47.685212499999835,17.720503999999778,Hungary,HU
848,levelcrossing,47.673609999999854,16.59445649999978,Hungary,HU
849,levelcrossing,48.228747499999855,22.09239999999977,Hungary,HU
850,levelcrossing,47.68037849999985,21.677685999999767,Hungary,HU
851,levelcrossing,47.63114549999983,17.354506999999785,Hungary,HU
852,levelcrossing,47.26960449999984,17.131738499999784,Hungary,HU
853,levelcrossing,46.448766499999834,16.991657499999775,Hungary,HU
854,levelcrossing,46.527348499999846,17.186477999999795,Hungary,HU
855,levelcrossing,47.69627199999985,19.974937499999783,Hungary,HU
856,levelcrossing,47.457587499999846,16.786662499999778,Hungary,HU
857,levelcrossing,47.17476049999985,19.98891299999977,Hungary,HU
858,levelcrossing,47.307634499999835,20.938557999999773,Hungary,HU
859,unknown,46.927137499999844,20.82132699999977,Hungary,HU
860,unknown,47.47967299999985,19.11841899999979,Hungary,HU
861,unknown,47.644090499999834,16.616746999999776,Hungary,HU
862,unknown,46.95070349999983,16.24604649999978,Hungary,HU
863,levelcrossing,47.67250449999983,16.594720499999795,Hungary,HU
864,unknown,47.71421699999985,16.54242899999977,Hungary,HU
865,levelcrossing,46.84502049999983,16.58568349999979,Hungary,HU
866,levelcrossing,47.08263449999984,16.771274499999777,Hungary,HU
867,levelcrossing,47.65599449999985,18.331366499999774,Hungary,HU
868,station,47.38204249999984,18.937040999999795,Hungary,HU
869,levelcrossing,47.136644999999845,21.716147999999777,Hungary,HU
870,levelcrossing,46.48751099999984,17.12948849999978,Hungary,HU
871,levelcrossing,47.13547699999984,16.721176499999785,Hungary,HU
872,levelcrossing,47.124926499999845,18.80791099999979,Hungary,HU
873,unknown,47.13355399999983,18.52538599999977,Hungary,HU
874,levelcrossing,47.11880499999984,17.170801499999783,Hungary,HU
875,unknown,47.13580899999985,18.758099499999787,Hungary,HU
876,levelcrossing,47.17527849999985,19.82475649999978,Hungary,HU
877,levelcrossing,47.17604249999985,18.810543499999795,Hungary,HU
878,levelcrossing,47.176675999999844,18.549124999999776,Hungary,HU
879,levelcrossing,47.16821849999985,18.40591349999977,Hungary,HU
880,levelcrossing,47.15852599999985,16.629431499999782,Hungary,HU
881,levelcrossing,47.758466499999855,17.419457499999794,Hungary,HU
882,levelcrossing,47.43950799999985,19.31854649999977,Hungary,HU
883,levelcrossing,47.875777999999855,17.219104499999787,Hungary,HU
884,levelcrossing,47.43074749999985,19.380714499999783,Hungary,HU
885,unknown,46.89966849999985,19.713768999999786,Hungary,HU
886,levelcrossing,46.891357499999856,16.895219999999796,Hungary,HU
887,unknown,47.73318599999985,20.24797099999978,Hungary,HU
888,levelcrossing,47.61308199999985,17.26045099999979,Hungary,HU
889,levelcrossing,46.33055599999986,18.142133499999773,Hungary,HU
890,station,46.914371999999844,19.69982749999977,Hungary,HU
891,levelcrossing,46.300432999999856,20.071920999999776,Hungary,HU
892,levelcrossing,46.26969199999985,20.092255499999766,Hungary,HU
893,levelcrossing,47.595537499999836,16.889879999999778,Hungary,HU
894,levelcrossing,47.046282999999846,16.85015599999977,Hungary,HU
895,levelcrossing,47.53475449999985,17.210261999999773,Hungary,HU
896,levelcrossing,47.363830499999835,17.48287099999979,Hungary,HU
897,station,47.39090849999985,19.35587149999978,Hungary,HU
898,levelcrossing,47.59911449999984,16.864541999999773,Hungary,HU
899,unknown,47.600528499999854,16.85340149999979,Hungary,HU
900,levelcrossing,47.59279299999986,17.16576999999978,Hungary,HU
901,levelcrossing,47.32612949999984,19.946779499999792,Hungary,HU
902,unknown,48.095466499999844,20.80160799999979,Hungary,HU
903,levelcrossing,47.33554649999985,19.912755499999776,Hungary,HU
904,unknown,47.329735499999856,21.142683999999775,Hungary,HU
905,levelcrossing,47.639819999999844,17.398612999999784,Hungary,HU
906,levelcrossing,47.636336999999855,19.635865999999794,Hungary,HU
907,station,47.411800999999855,19.732565999999792,Hungary,HU
908,station,47.41036099999985,19.25441399999977,Hungary,HU
909,levelcrossing,47.012413999999836,16.834163999999788,Hungary,HU
910,levelcrossing,47.50104649999986,21.583392999999774,Hungary,HU
911,levelcrossing,47.478042499999844,16.78496899999979,Hungary,HU
912,levelcrossing,47.47718999999984,17.111207999999777,Hungary,HU
913,levelcrossing,47.67584599999984,19.68489999999977,Hungary,HU
914,levelcrossing,47.558936999999844,17.23740449999977,Hungary,HU
915,levelcrossing,46.986030499999856,18.19198849999978,Hungary,HU
916,levelcrossing,47.53608949999983,17.211738999999795,Hungary,HU
917,levelcrossing,47.40490299999985,19.262637499999784,Hungary,HU
918,levelcrossing,47.375391499999836,16.928679999999787,Hungary,HU
919,unknown,47.415748999999835,19.04089899999977,Hungary,HU
920,station,46.06633749999986,18.225375499999785,Hungary,HU
921,levelcrossing,47.46758599999984,17.086138499999777,Hungary,HU
922,unknown,47.48926799999984,19.122224999999787,Hungary,HU
923,levelcrossing,47.42525649999985,17.019069499999773,Hungary,HU
924,levelcrossing,47.46173899999985,17.077373999999793,Hungary,HU
925,unknown,46.068399999999855,18.270157999999782,Hungary,HU
926,levelcrossing,47.54566699999984,21.649051499999786,Hungary,HU
927,levelcrossing,47.28445749999983,19.531067999999777,Hungary,HU
928,levelcrossing,46.95773999999986,16.852064499999784,Hungary,HU
929,levelcrossing,46.93930099999986,16.864841999999783,Hungary,HU
930,levelcrossing,47.51348199999984,17.17462949999978,Hungary,HU
931,levelcrossing,45.89158449999985,18.393455999999787,Hungary,HU
932,levelcrossing,45.87358999999984,18.46684899999977,Hungary,HU
933,levelcrossing,47.52043049999983,17.56024599999978,Hungary,HU
934,levelcrossing,46.779979499999854,19.768824499999766,Hungary,HU
935,levelcrossing,46.68565349999986,18.430627999999786,Hungary,HU
936,station,47.23610749999983,16.633513999999792,Hungary,HU
937,levelcrossing,47.21084299999984,21.537005499999765,Hungary,HU
938,unknown,46.243385499999846,20.112034499999794,Hungary,HU
939,station,47.18146249999984,18.420939999999774,Hungary,HU
940,levelcrossing,46.62131849999986,19.864157999999776,Hungary,HU
941,unknown,47.824770999999856,19.047938999999786,Hungary,HU
942,station,47.58167499999985,17.046092499999787,Hungary,HU
943,station,47.94304699999984,21.70755749999978,Hungary,HU
944,unknown,46.44501549999984,16.987935499999793,Hungary,HU
945,levelcrossing,47.08181249999984,17.490729999999786,Hungary,HU
946,unknown,47.11009449999983,18.396954499999794,Hungary,HU
947,levelcrossing,46.96441249999984,16.375883499999787,Hungary,HU
948,station,47.17303299999983,20.015643499999783,Hungary,HU
949,levelcrossing,46.85065299999985,18.60629199999977,Hungary,HU
950,levelcrossing,46.81209649999985,21.014936999999776,Hungary,HU
951,unknown,47.67841399999983,17.625403499999777,Hungary,HU
952,levelcrossing,47.213396999999844,16.647221499999773,Hungary,HU
953,levelcrossing,47.492668999999836,17.138304999999775,Hungary,HU
954,levelcrossing,47.96785999999983,21.695765999999765,Hungary,HU
955,levelcrossing,47.940600999999845,17.17497949999978,Hungary,HU
956,levelcrossing,47.79853199999985,20.57105199999978,Hungary,HU
957,levelcrossing,47.02312849999984,19.09581149999977,Hungary,HU
958,levelcrossing,47.112644499999845,17.173284499999795,Hungary,HU
959,levelcrossing,46.26362349999985,18.10539849999978,Hungary,HU
960,levelcrossing,46.254578999999836,20.10362349999977,Hungary,HU
961,levelcrossing,47.41379999999984,17.00552799999977,Hungary,HU
962,station,46.43345099999985,19.493788499999766,Hungary,HU
963,levelcrossing,47.01587999999984,20.61019749999977,Hungary,HU
964,station,47.01356749999985,20.618130999999778,Hungary,HU
965,levelcrossing,46.539900999999844,21.167415499999777,Hungary,HU
966,levelcrossing,47.34383549999984,17.46466499999977,Hungary,HU
967,station,47.344993499999845,19.43675849999977,Hungary,HU
968,unknown,47.59121699999986,18.387727499999784,Hungary,HU
969,unknown,47.415670499999834,19.110716499999768,Hungary,HU
970,station,46.43964249999985,16.986707999999794,Hungary,HU
971,levelcrossing,48.14681099999984,21.200828499999773,Hungary,HU
972,unknown,46.887309499999844,16.902072499999775,Hungary,HU
973,levelcrossing,46.76275849999985,21.035178999999772,Hungary,HU
974,levelcrossing,47.81853799999985,21.706391499999768,Hungary,HU
975,levelcrossing,47.78731049999985,17.138945999999777,Hungary,HU
976,levelcrossing,47.44716099999985,18.975584999999768,Hungary,HU
977,levelcrossing,46.652803499999834,21.09300399999978,Hungary,HU
978,levelcrossing,47.97659199999984,21.705888499999787,Hungary,HU
979,levelcrossing,48.031859499999854,20.82745449999979,Hungary,HU
980,levelcrossing,47.385953999999856,16.962862499999773,Hungary,HU
981,unknown,47.14059349999985,18.76304849999977,Hungary,HU
982,levelcrossing,47.83858599999985,21.70534649999979,Hungary,HU
983,station,47.34049149999984,17.458797499999775,Hungary,HU
984,levelcrossing,47.61614749999984,17.260812499999787,Hungary,HU
985,unknown,47.171125999999845,20.162060999999767,Hungary,HU
986,unknown,47.908415999999846,17.154527499999773,Hungary,HU
987,unknown,47.13254649999985,20.377592499999793,Hungary,HU
988,station,47.685009499999836,17.64512449999978,Hungary,HU
989,unknown,47.51196149999984,21.609662499999786,Hungary,HU
990,unknown,47.29788049999985,20.05875949999978,Hungary,HU
991,unknown,47.466867499999836,19.07840699999977,Hungary,HU
992,unknown,47.172888999999856,20.14346949999978,Hungary,HU
993,station,46.70632099999983,19.833527499999775,Hungary,HU
994,station,47.30338149999986,20.928893499999788,Hungary,HU
995,unknown,46.35874349999986,18.141191499999792,Hungary,HU
996,levelcrossing,47.13624999999985,18.758550499999785,Hungary,HU
997,unknown,47.22328599999986,16.63918899999979,Hungary,HU
998,station,48.208026999999845,22.07764149999977,Hungary,HU
999,levelcrossing,48.157272499999834,21.994344499999784,Hungary,HU
1000,levelcrossing,48.126839499999846,21.337687999999787,Hungary,HU
1001,unknown,48.01368549999984,17.179210999999782,Hungary,HU
1002,station,47.26106799999985,17.15426199999979,Hungary,HU
1003,levelcrossing,47.27905499999986,17.10864049999978,Hungary,HU
1004,unknown,47.18574399999986,18.43435999999977,Hungary,HU
1005,levelcrossing,47.68406549999983,17.234708499999783,Hungary,HU
1006,levelcrossing,47.679838499999846,19.868959999999788,Hungary,HU
1007,levelcrossing,47.67163799999986,19.792048999999793,Hungary,HU
1008,levelcrossing,47.18795449999985,19.788853999999787,Hungary,HU
1009,levelcrossing,47.66148649999985,17.244506499999773,Hungary,HU
1010,levelcrossing,47.65871399999983,17.245788999999775,Hungary,HU
1011,station,47.658637499999855,19.671112999999792,Hungary,HU
1012,levelcrossing,47.664570499999854,17.649569499999785,Hungary,HU
1013,station,47.68537649999985,19.136706499999775,Hungary,HU
1014,unknown,46.24856999999986,16.948815999999795,Hungary,HU
1015,levelcrossing,45.83757949999983,18.487596499999768,Hungary,HU
1016,unknown,48.40279999999984,22.185349999999772,Hungary,HU
1017,unknown,47.74562799999984,18.095568999999784,Hungary,HU
1018,station,47.74909949999986,18.115171499999775,Hungary,HU
1019,unknown,47.720987999999835,18.270516499999786,Hungary,HU
1020,unknown,46.362232499999834,16.86930499999977,Hungary,HU
1021,levelcrossing,46.19818149999983,19.607382499999773,Hungary,HU
1022,levelcrossing,47.30141449999985,20.925420499999774,Hungary,HU
1023,unknown,46.75143799999984,17.563006499999773,Hungary,HU
1024,station,47.278177999999855,19.539052999999768,Hungary,HU
1025,levelcrossing,47.263370999999836,21.348359499999788,Hungary,HU
1026,station,47.107064999999835,17.57424999999978,Hungary,HU
1027,levelcrossing,47.71693349999984,20.043767499999774,Hungary,HU
1028,levelcrossing,47.42713399999985,19.41965449999978,Hungary,HU
1029,levelcrossing,46.03327549999986,17.98480449999977,Hungary,HU
1030,levelcrossing,46.416041999999834,19.999682999999777,Hungary,HU
1031,unknown,47.483970999999855,18.588113499999793,Hungary,HU
1032,levelcrossing,46.91844899999984,19.696909499999776,Hungary,HU
1033,levelcrossing,48.15646249999983,21.26905199999979,Hungary,HU
1034,unknown,47.921932499999855,17.12779549999979,Hungary,HU
1035,levelcrossing,47.57182099999986,17.586393999999785,Hungary,HU
1036,levelcrossing,48.119912999999855,21.939994999999783,Hungary,HU
1037,levelcrossing,48.10472949999985,21.13788649999978,Hungary,HU
1038,levelcrossing,47.12176049999985,18.410013499999792,Hungary,HU
1039,levelcrossing,47.72957149999985,17.471119499999787,Hungary,HU
1040,station,47.80709099999984,21.706598999999784,Hungary,HU
1041,levelcrossing,47.713704999999834,21.684621499999764,Hungary,HU
1042,levelcrossing,47.12430499999985,17.369187499999782,Hungary,HU
1043,levelcrossing,47.70564149999984,17.874873999999778,Hungary,HU
1044,levelcrossing,47.133736499999856,17.28724299999979,Hungary,HU
1045,levelcrossing,47.07718349999985,20.48915999999977,Hungary,HU
1046,levelcrossing,47.13130349999986,20.37948499999979,Hungary,HU
1047,levelcrossing,46.525318999999854,18.38821249999978,Hungary,HU
1048,levelcrossing,46.599942499999855,18.42348199999978,Hungary,HU
1049,levelcrossing,46.49448399999986,19.45346749999979,Hungary,HU
1050,levelcrossing,47.143781999999845,18.021184499999777,Hungary,HU
1051,levelcrossing,47.12460249999984,18.685393999999775,Hungary,HU
1052,levelcrossing,47.12180899999984,18.56169099999977,Hungary,HU
1053,levelcrossing,47.12128499999986,18.578839999999786,Hungary,HU
1054,levelcrossing,46.62874099999985,19.29577949999978,Hungary,HU
1055,levelcrossing,47.890634499999834,20.76353149999977,Hungary,HU
1056,levelcrossing,47.17223849999985,20.004343499999777,Hungary,HU
1057,levelcrossing,47.17444549999985,20.02363299999979,Hungary,HU
1058,levelcrossing,47.17382949999984,21.631741499999777,Hungary,HU
1059,unknown,47.17540199999985,17.191885499999785,Hungary,HU
1060,levelcrossing,47.167046499999856,18.125827999999785,Hungary,HU
1061,station,47.17019349999984,20.412249999999773,Hungary,HU
1062,levelcrossing,47.169140999999854,19.826735999999784,Hungary,HU
1063,unknown,47.17861999999985,18.412049999999795,Hungary,HU
1064,station,47.01611499999984,16.59757499999978,Hungary,HU
1065,levelcrossing,47.017584499999856,16.605102499999788,Hungary,HU
1066,levelcrossing,46.35294399999984,17.791709999999796,Hungary,HU
1067,levelcrossing,46.701474999999846,19.83886849999979,Hungary,HU
1068,levelcrossing,47.40230049999985,16.763691499999794,Hungary,HU
1069,station,47.43185899999983,21.412327499999776,Hungary,HU
1070,station,47.429478999999844,19.39338049999978,Hungary,HU
1071,levelcrossing,46.34370899999985,20.045514999999767,Hungary,HU
1072,levelcrossing,46.36631349999985,17.720837999999787,Hungary,HU
1073,unknown,46.360771999999855,17.831681499999775,Hungary,HU
1074,levelcrossing,46.35628499999984,18.00797799999978,Hungary,HU
1075,station,46.35277499999984,17.792990499999775,Hungary,HU
1076,levelcrossing,47.606865499999856,17.59531549999977,Hungary,HU
1077,levelcrossing,46.81931049999986,21.00878449999979,Hungary,HU
1078,station,46.89731799999984,18.613070999999792,Hungary,HU
1079,levelcrossing,47.44739449999986,19.569856499999787,Hungary,HU
1080,levelcrossing,46.92306099999985,16.97061149999979,Hungary,HU
1081,levelcrossing,46.31283299999984,20.06389299999978,Hungary,HU
1082,levelcrossing,46.32524749999985,17.45308449999979,Hungary,HU
1083,levelcrossing,46.30737999999985,18.13771749999978,Hungary,HU
1084,levelcrossing,46.287795499999845,17.296877499999795,Hungary,HU
1085,levelcrossing,46.26813249999984,17.091766999999777,Hungary,HU
1086,unknown,47.01797299999984,20.601458999999778,Hungary,HU
1087,levelcrossing,47.08517099999983,18.707728499999774,Hungary,HU
1088,levelcrossing,47.58762599999986,16.722095499999796,Hungary,HU
1089,levelcrossing,47.37328499999984,19.797064999999776,Hungary,HU
1090,levelcrossing,47.357199999999835,16.749825499999787,Hungary,HU
1091,levelcrossing,47.36655599999983,21.253706499999765,Hungary,HU
1092,levelcrossing,47.58357199999983,16.976827999999784,Hungary,HU
1093,levelcrossing,47.60060799999985,16.82517599999977,Hungary,HU
1094,levelcrossing,47.60048949999984,16.816603499999786,Hungary,HU
1095,levelcrossing,47.59986899999984,16.78033949999977,Hungary,HU
1096,levelcrossing,47.52623649999984,19.384560499999793,Hungary,HU
1097,levelcrossing,47.60023349999986,17.243833499999795,Hungary,HU
1098,unknown,47.599923499999846,17.242809499999794,Hungary,HU
1099,station,47.62352199999984,19.135051999999774,Hungary,HU
1100,levelcrossing,47.59575599999985,17.19609299999979,Hungary,HU
1101,levelcrossing,47.59362499999983,16.904266999999777,Hungary,HU
1102,levelcrossing,47.55926849999983,19.37892199999979,Hungary,HU
1103,station,47.32836799999984,21.128731999999786,Hungary,HU
1104,levelcrossing,47.04451849999984,18.34697849999978,Hungary,HU
1105,levelcrossing,47.623180999999846,17.320858499999787,Hungary,HU
1106,levelcrossing,47.64043549999985,16.661587999999796,Hungary,HU
1107,unknown,47.65021799999985,19.48092349999979,Hungary,HU
1108,station,47.49369249999984,19.33827999999977,Hungary,HU
1109,levelcrossing,47.49216149999984,19.286291499999777,Hungary,HU
1110,unknown,47.48615049999984,19.193374999999776,Hungary,HU
1111,levelcrossing,47.50191699999985,17.559454499999788,Hungary,HU
1112,station,47.540024999999844,19.38698649999978,Hungary,HU
1113,levelcrossing,46.757959999999855,18.542404499999776,Hungary,HU
1114,levelcrossing,46.71196399999985,19.274819999999778,Hungary,HU
1115,levelcrossing,47.38583549999984,16.75040199999978,Hungary,HU
1116,levelcrossing,47.280121999999835,17.22202349999978,Hungary,HU
1117,levelcrossing,47.38878899999983,17.49485699999977,Hungary,HU
1118,levelcrossing,47.36782549999984,16.73756149999977,Hungary,HU
1119,levelcrossing,47.40716549999985,19.74294649999979,Hungary,HU
1120,levelcrossing,47.42702249999985,21.401449499999785,Hungary,HU
1121,unknown,46.03368799999984,17.98004899999978,Hungary,HU
1122,station,46.06998849999985,18.236824999999783,Hungary,HU
1123,levelcrossing,46.03411949999986,18.012509499999794,Hungary,HU
1124,levelcrossing,46.08508049999983,17.987597499999794,Hungary,HU
1125,levelcrossing,46.060902999999854,18.154755499999794,Hungary,HU
1126,levelcrossing,46.03716349999985,18.03083799999979,Hungary,HU
1127,levelcrossing,47.319930499999856,19.968698999999788,Hungary,HU
1128,levelcrossing,47.30341049999984,17.27711949999977,Hungary,HU
1129,levelcrossing,46.97922549999984,17.016885999999772,Hungary,HU
1130,unknown,47.23942849999983,16.836856499999783,Hungary,HU
1131,levelcrossing,47.03635949999983,18.657404999999784,Hungary,HU
1132,station,47.484015499999856,18.619798999999773,Hungary,HU
1133,levelcrossing,47.43003849999985,16.78192599999977,Hungary,HU
1134,levelcrossing,47.283150499999834,20.070277999999774,Hungary,HU
1135,levelcrossing,46.68164799999985,16.958347999999773,Hungary,HU
1136,levelcrossing,47.28759749999983,17.238674499999775,Hungary,HU
1137,levelcrossing,47.28646099999983,21.26956899999979,Hungary,HU
1138,levelcrossing,47.25290399999986,16.635103499999786,Hungary,HU
1139,levelcrossing,47.30107799999985,21.23175599999979,Hungary,HU
1140,levelcrossing,47.284534999999835,17.029841999999775,Hungary,HU
1141,unknown,47.25657999999984,17.162526999999784,Hungary,HU
1142,unknown,47.299071499999854,20.922121499999776,Hungary,HU
1143,levelcrossing,46.959230999999846,16.996791499999773,Hungary,HU
1144,levelcrossing,47.50348199999985,16.781751999999784,Hungary,HU
1145,unknown,47.59803799999983,21.65825799999979,Hungary,HU
1146,levelcrossing,47.50031149999984,19.37098899999978,Hungary,HU
1147,levelcrossing,45.89913199999984,18.332980499999792,Hungary,HU
1148,levelcrossing,45.889893999999856,18.40393199999977,Hungary,HU
1149,levelcrossing,45.87672199999986,18.44579749999977,Hungary,HU
1150,unknown,47.238428999999854,16.832097499999776,Hungary,HU
1151,levelcrossing,47.23676099999986,16.722475499999774,Hungary,HU
1152,levelcrossing,46.78600799999984,18.59044849999978,Hungary,HU
1153,levelcrossing,46.73063949999985,16.952962999999784,Hungary,HU
1154,station,47.24311299999985,19.603366499999794,Hungary,HU
1155,station,47.21265299999985,21.530568499999788,Hungary,HU
1156,unknown,47.223824499999836,20.745660499999786,Hungary,HU
1157,levelcrossing,47.21160849999984,19.680800499999776,Hungary,HU
1158,levelcrossing,46.25312949999986,17.02133699999979,Hungary,HU
1159,levelcrossing,47.17444449999985,18.216629999999782,Hungary,HU
1160,unknown,47.95840399999983,21.69507999999979,Hungary,HU
1161,levelcrossing,46.88028249999985,17.944800499999786,Hungary,HU
1162,levelcrossing,48.12539049999984,21.45858899999979,Hungary,HU
1163,levelcrossing,46.54829299999986,19.415535499999777,Hungary,HU
1164,levelcrossing,47.16021599999985,18.075083499999778,Hungary,HU
1165,levelcrossing,47.15879099999984,18.06000149999977,Hungary,HU
1166,levelcrossing,47.157271999999836,18.04994099999979,Hungary,HU
1167,levelcrossing,46.58346499999985,19.369186999999783,Hungary,HU
1168,levelcrossing,46.541607999999854,19.90593549999977,Hungary,HU
1169,levelcrossing,47.15068099999985,17.239508499999772,Hungary,HU
1170,levelcrossing,46.89994599999986,18.613669999999786,Hungary,HU
1171,levelcrossing,47.588392499999856,19.360634499999776,Hungary,HU
1172,levelcrossing,47.54712299999986,16.748860999999778,Hungary,HU
1173,levelcrossing,47.58706649999985,17.09903049999977,Hungary,HU
1174,levelcrossing,47.582876499999855,16.98135849999977,Hungary,HU
1175,levelcrossing,47.581198999999856,17.041662499999774,Hungary,HU
1176,unknown,47.458832999999856,19.022334499999772,Hungary,HU
1177,levelcrossing,47.724086999999855,20.099441999999783,Hungary,HU
1178,levelcrossing,48.112726999999836,21.35241049999979,Hungary,HU
1179,levelcrossing,48.157981499999835,21.217720999999784,Hungary,HU
1180,levelcrossing,48.051994999999835,20.982263999999788,Hungary,HU
1181,levelcrossing,47.310005499999846,16.738610999999793,Hungary,HU
1182,levelcrossing,47.35524549999985,19.838269999999767,Hungary,HU
1183,station,47.602227499999856,17.250216499999794,Hungary,HU
1184,levelcrossing,46.36327399999985,17.610883499999773,Hungary,HU
1185,levelcrossing,47.10329899999985,18.38386749999978,Hungary,HU
1186,station,47.57670249999984,18.397221499999773,Hungary,HU
1187,station,47.35776499999986,19.099321999999773,Hungary,HU
1188,levelcrossing,47.348343999999855,19.43377849999979,Hungary,HU
1189,levelcrossing,47.10590449999984,17.180600999999797,Hungary,HU
1190,unknown,47.180416999999835,19.81559999999979,Hungary,HU
1191,levelcrossing,47.44389399999986,19.599021999999792,Hungary,HU
1192,unknown,47.75896349999985,19.158553499999783,Hungary,HU
1193,levelcrossing,47.349053499999854,19.860571499999793,Hungary,HU
1194,levelcrossing,47.75577749999985,19.158276499999772,Hungary,HU
1195,levelcrossing,47.75628999999984,17.423528499999776,Hungary,HU
1196,levelcrossing,46.85674499999985,19.73593749999978,Hungary,HU
1197,unknown,46.89481449999985,19.717979999999784,Hungary,HU
1198,levelcrossing,47.07611999999983,19.780114999999768,Hungary,HU
1199,levelcrossing,46.995614999999844,17.09495849999979,Hungary,HU
1200,levelcrossing,47.08607849999984,17.185422499999788,Hungary,HU
1201,levelcrossing,47.211805499999855,16.64268899999979,Hungary,HU
1202,levelcrossing,47.165835499999844,16.63161599999978,Hungary,HU
1203,levelcrossing,47.49511699999985,16.783455499999775,Hungary,HU
1204,station,47.194146499999846,18.147952499999775,Hungary,HU
1205,levelcrossing,48.24838149999985,20.99359199999978,Hungary,HU
1206,levelcrossing,48.289652499999846,21.05437399999977,Hungary,HU
1207,levelcrossing,47.244495999999856,19.60154799999978,Hungary,HU
1208,levelcrossing,48.19029099999983,22.05513849999977,Hungary,HU
1209,levelcrossing,48.11955149999986,20.90603999999979,Hungary,HU
1210,levelcrossing,47.11105449999985,17.44009749999978,Hungary,HU
1211,station,47.22398749999985,20.754103499999786,Hungary,HU
1212,levelcrossing,46.272373499999844,19.542715999999785,Hungary,HU
1213,levelcrossing,47.614757499999854,16.715147999999772,Hungary,HU
1214,levelcrossing,46.61041449999985,21.120632499999772,Hungary,HU
1215,levelcrossing,47.01161799999986,20.62581949999978,Hungary,HU
1216,levelcrossing,47.00825049999983,16.558266999999773,Hungary,HU
1217,levelcrossing,47.01041549999985,16.569006999999772,Hungary,HU
1218,levelcrossing,46.46442699999986,19.968522999999777,Hungary,HU
1219,levelcrossing,46.934236999999854,20.816090999999773,Hungary,HU
1220,levelcrossing,47.322321499999845,17.35749949999979,Hungary,HU
1221,unknown,47.55293549999985,18.460721999999777,Hungary,HU
1222,unknown,47.44355549999983,19.21270149999978,Hungary,HU
1223,levelcrossing,47.42067399999985,19.242078499999792,Hungary,HU
1224,station,47.43874549999984,19.34162649999979,Hungary,HU
1225,unknown,47.49006399999985,19.16435249999978,Hungary,HU
1226,levelcrossing,47.73519599999983,20.261322999999777,Hungary,HU
1227,levelcrossing,46.342932999999846,17.549771499999792,Hungary,HU
1228,levelcrossing,47.451954999999856,19.53393299999979,Hungary,HU
1229,unknown,47.67078149999983,19.67048349999979,Hungary,HU
1230,levelcrossing,47.67521049999985,21.675203499999782,Hungary,HU
1231,levelcrossing,46.43490199999985,19.98720099999977,Hungary,HU
1232,station,47.795251999999834,20.561639499999785,Hungary,HU
1233,unknown,47.91150349999984,17.14849099999978,Hungary,HU
1234,levelcrossing,46.82698399999984,16.935484499999774,Hungary,HU
1235,station,46.81517149999985,21.012682999999782,Hungary,HU
1236,unknown,48.08052649999985,20.87445999999977,Hungary,HU
1237,unknown,46.82154999999986,18.602720499999776,Hungary,HU
1238,levelcrossing,48.069409499999836,21.52472849999978,Hungary,HU
1239,levelcrossing,46.88748399999986,16.918688499999774,Hungary,HU
1240,levelcrossing,48.06820299999984,21.810551499999775,Hungary,HU
1241,levelcrossing,48.00487799999985,21.616082499999777,Hungary,HU
1242,unknown,48.098697499999844,20.809782499999784,Hungary,HU
1243,levelcrossing,48.052073499999835,21.093452999999784,Hungary,HU
1244,levelcrossing,46.86386299999984,17.903093499999784,Hungary,HU
1245,levelcrossing,47.63433149999983,17.609580499999794,Hungary,HU
1246,levelcrossing,46.01533799999984,18.275043499999782,Hungary,HU
1247,levelcrossing,47.806481999999846,20.58945449999979,Hungary,HU
1248,station,47.84982199999985,17.26722849999979,Hungary,HU
1249,station,47.18209099999984,19.806891999999777,Hungary,HU
1250,levelcrossing,47.45342899999986,17.512640999999775,Hungary,HU
1251,unknown,45.86554249999983,18.47093049999978,Hungary,HU
1252,levelcrossing,46.359991499999836,17.882736499999794,Hungary,HU
1253,unknown,47.655921499999835,19.67097149999978,Hungary,HU
1254,levelcrossing,47.936739999999844,21.711348499999787,Hungary,HU
1255,levelcrossing,46.351825999999846,19.531576499999773,Hungary,HU
1256,station,47.52125999999984,21.632977499999782,Hungary,HU
1257,unknown,47.46946299999985,19.095391499999778,Hungary,HU
1258,unknown,47.46812949999983,19.08180749999977,Hungary,HU
1259,levelcrossing,47.52022099999985,19.08967649999977,Hungary,HU
1260,unknown,47.13871899999984,20.365009499999786,Hungary,HU
1261,unknown,47.74825699999985,18.103464999999773,Hungary,HU
1262,levelcrossing,48.40591099999983,21.172125999999793,Hungary,HU
1263,levelcrossing,48.36317499999984,21.140364499999777,Hungary,HU
1264,levelcrossing,48.33085999999983,21.121309999999767,Hungary,HU
1265,levelcrossing,48.28147949999985,22.11111699999978,Hungary,HU
1266,levelcrossing,48.086493999999846,21.86453949999978,Hungary,HU
1267,levelcrossing,48.09418849999983,21.130398499999785,Hungary,HU
1268,levelcrossing,48.108539999999834,21.921701499999784,Hungary,HU
1269,levelcrossing,48.04006399999986,21.06206899999978,Hungary,HU
1270,levelcrossing,47.998714499999835,20.842022999999784,Hungary,HU
1271,levelcrossing,47.84715199999985,20.674116999999768,Hungary,HU
1272,levelcrossing,48.036012499999856,21.560514999999782,Hungary,HU
1273,levelcrossing,47.240046999999834,16.839771499999785,Hungary,HU
1274,station,47.32549649999984,18.89845699999978,Hungary,HU
1275,levelcrossing,47.18242699999985,19.916530499999766,Hungary,HU
1276,levelcrossing,47.665230499999836,19.72240599999978,Hungary,HU
1277,station,47.663808499999845,18.32743999999977,Hungary,HU
1278,levelcrossing,47.64331399999983,17.420347499999792,Hungary,HU
1279,levelcrossing,46.67745499999984,18.428267499999777,Hungary,HU
1280,levelcrossing,47.179159499999855,17.19204899999977,Hungary,HU
1281,levelcrossing,46.60391749999985,16.981968999999793,Hungary,HU
1282,levelcrossing,47.193565499999835,20.55194449999979,Hungary,HU
1283,unknown,47.746116999999856,18.093888499999792,Hungary,HU
1284,levelcrossing,47.71771699999985,18.02169399999977,Hungary,HU
1285,levelcrossing,47.13442099999983,21.729206999999775,Hungary,HU
1286,levelcrossing,46.48580099999984,21.20308799999978,Hungary,HU
1287,station,46.18914549999985,18.267572499999773,Hungary,HU
1288,station,46.83737099999985,16.84927099999979,Hungary,HU
1289,unknown,46.196397999999846,18.082821999999794,Hungary,HU
1290,station,46.770972999999856,21.113197999999784,Hungary,HU
1291,unknown,47.77565799999985,19.93680349999977,Hungary,HU
1292,unknown,47.73216799999986,19.934410999999784,Hungary,HU
1293,station,46.24366799999984,20.145948999999774,Hungary,HU
1294,station,47.470515499999834,18.30644399999977,Hungary,HU
1295,unknown,47.730203999999844,19.935032999999777,Hungary,HU
1296,station,47.92650099999983,21.030299499999785,Hungary,HU
1297,station,46.296167499999854,18.533511999999774,Hungary,HU
1298,unknown,47.77361749999986,19.936719499999782,Hungary,HU
1299,station,48.222645999999855,20.295710999999784,Hungary,HU
1300,station,47.66145399999985,19.075768499999782,Hungary,HU
1301,station,46.20419149999984,20.476085499999783,Hungary,HU
1302,station,46.22625799999986,17.354315499999785,Hungary,HU
1303,unknown,47.533390499999854,19.239495999999775,Hungary,HU
1304,unknown,47.77323049999984,18.945238999999788,Hungary,HU
1305,unknown,46.96183499999984,16.27343799999977,Hungary,HU
1306,unknown,46.156794999999846,18.43069049999977,Hungary,HU
1307,levelcrossing,46.127091999999834,18.02505999999977,Hungary,HU
1308,unknown,47.62692749999985,16.624349499999795,Hungary,HU
1309,levelcrossing,47.447801499999855,17.81670399999979,Hungary,HU
1310,levelcrossing,46.313840999999854,17.41055449999979,Hungary,HU
1311,levelcrossing,46.31563349999985,20.83064799999977,Hungary,HU
1312,unknown,47.438139999999834,17.817575499999776,Hungary,HU
1313,unknown,46.93971449999984,21.274141499999786,Hungary,HU
1314,unknown,47.544936499999835,19.22461199999978,Hungary,HU
1315,levelcrossing,46.41305749999984,18.747712999999777,Hungary,HU
1316,unknown,47.10679299999984,18.144192499999775,Hungary,HU
1317,levelcrossing,48.25452949999985,20.650185999999792,Hungary,HU
1318,levelcrossing,46.873433499999834,17.430897499999787,Hungary,HU
1319,unknown,46.85484499999984,20.284036999999785,Hungary,HU
1320,levelcrossing,47.02673149999984,20.94142949999977,Hungary,HU
1321,unknown,47.478702499999855,20.515463499999782,Hungary,HU
1322,unknown,46.19306049999986,18.923754999999773,Hungary,HU
1323,unknown,47.45357799999985,19.086529499999784,Hungary,HU
1324,unknown,47.562009999999844,19.07128899999978,Hungary,HU
1325,unknown,47.56481799999983,19.06142799999978,Hungary,HU
1326,unknown,46.156686999999835,18.433555999999783,Hungary,HU
1327,unknown,46.86800599999984,18.785620499999794,Hungary,HU
1328,unknown,46.19293599999986,18.929903499999767,Hungary,HU
1329,unknown,46.19463899999985,18.948703499999795,Hungary,HU
1330,station,46.19367499999984,18.95124949999979,Hungary,HU
1331,unknown,47.63973949999985,20.729399499999772,Hungary,HU
1332,levelcrossing,48.011963999999836,21.372147499999784,Hungary,HU
1333,levelcrossing,47.31693099999984,19.074889499999784,Hungary,HU
1334,unknown,47.545094499999834,19.221105499999794,Hungary,HU
1335,unknown,48.22992749999983,19.619700999999793,Hungary,HU
1336,levelcrossing,48.48638099999985,21.213416499999767,Hungary,HU
1337,unknown,48.39101499999984,21.669944999999785,Hungary,HU
1338,unknown,46.82737799999984,16.456005999999775,Hungary,HU
1339,unknown,48.245321999999845,19.638303999999778,Hungary,HU
1340,levelcrossing,48.57982799999985,20.849980499999788,Hungary,HU
1341,unknown,47.52503649999986,22.030523499999788,Hungary,HU
1342,unknown,47.72839649999983,18.24579149999977,Hungary,HU
1343,unknown,46.75995899999984,21.48488549999979,Hungary,HU
1344,station,46.76062999999985,17.251125499999773,Hungary,HU
1345,unknown,46.97313099999985,17.917701999999792,Hungary,HU
1346,station,47.93577299999984,21.381546499999786,Hungary,HU
1347,unknown,47.480106499999835,20.511278499999776,Hungary,HU
1348,unknown,46.97276049999985,17.915142499999774,Hungary,HU
1349,unknown,47.53677449999984,19.24458649999977,Hungary,HU
1350,unknown,47.64224799999985,20.726336999999774,Hungary,HU
1351,unknown,47.10605049999984,18.139794999999793,Hungary,HU
1352,unknown,47.01163249999985,19.10450949999978,Hungary,HU
1353,unknown,47.33887949999985,17.456275499999776,Hungary,HU
1354,unknown,46.39367249999984,17.766934499999792,Hungary,HU
1355,unknown,46.39108199999984,17.768645499999792,Hungary,HU
1356,unknown,47.540343499999835,19.210175499999792,Hungary,HU
1357,unknown,46.853150999999855,20.286325499999776,Hungary,HU
1358,unknown,46.106558999999834,18.311492499999787,Hungary,HU
1359,unknown,47.59093949999985,19.31519849999978,Hungary,HU
1360,unknown,47.59062249999985,19.311778499999775,Hungary,HU
1361,unknown,48.108160499999855,20.37657349999978,Hungary,HU
1362,unknown,48.111515499999854,20.37674149999978,Hungary,HU
1363,unknown,46.10895499999984,18.312562999999784,Hungary,HU
1364,unknown,46.86312549999985,18.782510999999772,Hungary,HU
1365,unknown,47.541453999999845,19.21248749999978,Hungary,HU
1366,unknown,48.37437999999983,22.25627399999979,Hungary,HU
1367,unknown,47.77045699999985,22.435225999999773,Hungary,HU
1368,unknown,47.82401899999985,19.033650999999793,Hungary,HU
1369,unknown,47.169647499999854,20.30229799999978,Hungary,HU
1370,unknown,47.68920949999983,16.558887999999797,Hungary,HU
1371,unknown,47.450731999999846,18.912248499999777,Hungary,HU
1372,unknown,47.75450199999983,18.086818999999792,Hungary,HU
1373,unknown,47.77472049999986,18.947411499999788,Hungary,HU
1374,levelcrossing,47.64409099999983,16.616746499999778,Hungary,HU
1375,unknown,47.386847999999844,18.93322399999977,Hungary,HU
1376,unknown,47.104332499999856,18.727063499999787,Hungary,HU
1377,unknown,47.10126149999985,18.724042999999767,Hungary,HU
1378,unknown,46.990481999999844,16.840761999999785,Hungary,HU
1379,unknown,46.99188799999985,16.837014499999782,Hungary,HU
1380,unknown,46.98631749999984,18.174084999999792,Hungary,HU
1381,unknown,47.38838149999984,18.935300499999784,Hungary,HU
1382,unknown,47.03289799999985,19.75640199999978,Hungary,HU
1383,unknown,47.45035249999984,18.91569549999977,Hungary,HU
1384,unknown,47.787926499999855,18.956493999999793,Hungary,HU
1385,unknown,47.43010699999985,19.44674649999979,Hungary,HU
1386,unknown,47.340677999999855,19.44114499999978,Hungary,HU
1387,station,47.44714749999986,18.97143749999978,Hungary,HU
1388,station,47.11931149999984,17.911645499999793,Hungary,HU
1389,unknown,46.98209749999984,17.030704499999786,Hungary,HU
1390,unknown,47.824392999999844,19.03685349999978,Hungary,HU
1391,unknown,47.822553999999855,18.985973499999773,Hungary,HU
1392,unknown,47.339236999999855,19.44361349999977,Hungary,HU
1393,unknown,48.11777249999986,21.417536999999783,Hungary,HU
1394,unknown,47.49437349999985,18.719570499999776,Hungary,HU
1395,unknown,47.25053099999985,18.87667449999978,Hungary,HU
1396,unknown,45.79803699999985,18.55685349999979,Hungary,HU
1397,unknown,48.41523199999983,22.18487349999978,Hungary,HU
1398,unknown,46.358880999999855,16.850408999999786,Hungary,HU
1399,unknown,46.16941549999984,19.63151099999979,Hungary,HU
1400,unknown,47.428795999999835,19.443971499999776,Hungary,HU
1401,unknown,47.08590949999984,16.61770949999979,Hungary,HU
1402,unknown,46.827585999999854,16.458760999999782,Hungary,HU
1403,unknown,47.34979449999986,19.093707999999793,Hungary,HU
1404,unknown,46.88761499999984,16.92023649999979,Hungary,HU
1405,unknown,46.194344999999856,18.082452999999788,Hungary,HU
1406,unknown,47.088336999999854,16.61836249999979,Hungary,HU
1407,unknown,47.49450499999983,18.716654999999776,Hungary,HU
1408,station,46.908251999999834,18.05496599999978,Hungary,HU
1409,unknown,48.11599599999985,21.411115499999767,Hungary,HU
1410,unknown,47.35492349999984,19.097404499999783,Hungary,HU
1411,station,47.03755749999985,19.75896199999977,Hungary,HU
1412,unknown,46.98249699999985,17.03484499999979,Hungary,HU
1413,unknown,47.78592949999984,18.955475999999777,Hungary,HU
1414,unknown,47.821303999999856,18.98379749999978,Hungary,HU
1415,unknown,46.98546649999986,18.171441999999786,Hungary,HU
1416,unknown,47.74909949999986,18.115170999999776,Hungary,HU
1417,unknown,47.25324449999985,18.876846499999772,Hungary,HU
1418,levelcrossing,47.746116999999856,18.093887999999794,Hungary,HU
1419,unknown,47.73299299999985,18.20321949999979,Hungary,HU
1420,unknown,47.12388149999984,21.79387349999979,Hungary,HU
1421,unknown,46.40966849999984,21.252843999999783,Hungary,HU
